PRAGMA foreign_keys=OFF;
BEGIN TRANSACTION;
CREATE TABLE IF NOT EXISTS "django_migrations" ("id" integer NOT NULL PRIMARY KEY AUTOINCREMENT, "app" varchar(255) NOT NULL, "name" varchar(255) NOT NULL, "applied" datetime NOT NULL);
INSERT INTO django_migrations VALUES(1,'accounts','0001_initial','2024-05-26 10:35:16.274617');
INSERT INTO django_migrations VALUES(2,'account','0001_initial','2024-05-26 10:35:16.326533');
INSERT INTO django_migrations VALUES(3,'account','0002_email_max_length','2024-05-26 10:35:16.349774');
INSERT INTO django_migrations VALUES(4,'account','0003_alter_emailaddress_create_unique_verified_email','2024-05-26 10:35:16.372981');
INSERT INTO django_migrations VALUES(5,'account','0004_alter_emailaddress_drop_unique_email','2024-05-26 10:35:16.393176');
INSERT INTO django_migrations VALUES(6,'account','0005_emailaddress_idx_upper_email','2024-05-26 10:35:16.415373');
INSERT INTO django_migrations VALUES(7,'accounts','0002_alter_lightener_ip_address_alter_lightener_location','2024-05-26 10:35:16.441677');
INSERT INTO django_migrations VALUES(8,'accounts','0003_alter_lightener_ip_address_alter_lightener_location','2024-05-26 10:35:16.476021');
INSERT INTO django_migrations VALUES(9,'accounts','0004_visitor','2024-05-26 10:35:16.495698');
INSERT INTO django_migrations VALUES(10,'accounts','0005_alter_visitor_options','2024-05-26 10:35:16.511354');
INSERT INTO django_migrations VALUES(11,'contenttypes','0001_initial','2024-05-26 10:35:16.531564');
INSERT INTO django_migrations VALUES(12,'admin','0001_initial','2024-05-26 10:35:16.570090');
INSERT INTO django_migrations VALUES(13,'admin','0002_logentry_remove_auto_add','2024-05-26 10:35:16.597893');
INSERT INTO django_migrations VALUES(14,'admin','0003_logentry_add_action_flag_choices','2024-05-26 10:35:16.622231');
INSERT INTO django_migrations VALUES(15,'contenttypes','0002_remove_content_type_name','2024-05-26 10:35:16.662522');
INSERT INTO django_migrations VALUES(16,'auth','0001_initial','2024-05-26 10:35:16.729553');
INSERT INTO django_migrations VALUES(17,'auth','0002_alter_permission_name_max_length','2024-05-26 10:35:16.763882');
INSERT INTO django_migrations VALUES(18,'auth','0003_alter_user_email_max_length','2024-05-26 10:35:16.788221');
INSERT INTO django_migrations VALUES(19,'auth','0004_alter_user_username_opts','2024-05-26 10:35:16.812901');
INSERT INTO django_migrations VALUES(20,'auth','0005_alter_user_last_login_null','2024-05-26 10:35:16.832988');
INSERT INTO django_migrations VALUES(21,'auth','0006_require_contenttypes_0002','2024-05-26 10:35:16.848422');
INSERT INTO django_migrations VALUES(22,'auth','0007_alter_validators_add_error_messages','2024-05-26 10:35:16.868694');
INSERT INTO django_migrations VALUES(23,'auth','0008_alter_user_username_max_length','2024-05-26 10:35:16.913357');
INSERT INTO django_migrations VALUES(24,'auth','0009_alter_user_last_name_max_length','2024-05-26 10:35:16.936639');
INSERT INTO django_migrations VALUES(25,'auth','0010_alter_group_name_max_length','2024-05-26 10:35:16.966932');
INSERT INTO django_migrations VALUES(26,'auth','0011_update_proxy_permissions','2024-05-26 10:35:16.999158');
INSERT INTO django_migrations VALUES(27,'auth','0012_alter_user_first_name_max_length','2024-05-26 10:35:17.017856');
INSERT INTO django_migrations VALUES(28,'legal','0001_initial','2024-05-26 10:35:17.038140');
INSERT INTO django_migrations VALUES(29,'legal','0002_legal_delete_legal_controler','2024-05-26 10:35:17.090348');
INSERT INTO django_migrations VALUES(30,'legal','0003_legal_consent','2024-05-26 10:35:17.124260');
INSERT INTO django_migrations VALUES(31,'legal','0004_remove_legal_consent','2024-05-26 10:35:17.163329');
INSERT INTO django_migrations VALUES(32,'partner_meet','0001_initial','2024-05-26 10:35:17.189775');
INSERT INTO django_migrations VALUES(33,'partner_meet','0002_alter_partnermeet_categorie','2024-05-26 10:35:17.203422');
INSERT INTO django_migrations VALUES(34,'partner_meet','0003_lightener','2024-05-26 10:35:17.224001');
INSERT INTO django_migrations VALUES(35,'partner_meet','0004_alter_lightener_options','2024-05-26 10:35:17.241620');
INSERT INTO django_migrations VALUES(36,'partner_meet','0005_delete_lightener','2024-05-26 10:35:17.261499');
INSERT INTO django_migrations VALUES(37,'partner_meet','0006_alter_partnermeet_categorie','2024-05-26 10:35:17.280742');
INSERT INTO django_migrations VALUES(38,'partner_meet','0007_alter_partnermeet_age','2024-05-26 10:35:17.297608');
INSERT INTO django_migrations VALUES(39,'posts','0001_initial','2024-05-26 10:35:17.337960');
INSERT INTO django_migrations VALUES(40,'posts','0002_blogpost_image','2024-05-26 10:35:17.362770');
INSERT INTO django_migrations VALUES(41,'psy','0001_initial','2024-05-26 10:35:17.383072');
INSERT INTO django_migrations VALUES(42,'sessions','0001_initial','2024-05-26 10:35:17.420428');
INSERT INTO django_migrations VALUES(43,'sites','0001_initial','2024-05-26 10:35:17.441339');
INSERT INTO django_migrations VALUES(44,'sites','0002_alter_domain_unique','2024-05-26 10:35:17.464489');
INSERT INTO django_migrations VALUES(45,'socialaccount','0001_initial','2024-05-26 10:35:17.532055');
INSERT INTO django_migrations VALUES(46,'socialaccount','0002_token_max_lengths','2024-05-26 10:35:17.569299');
INSERT INTO django_migrations VALUES(47,'socialaccount','0003_extra_data_default_dict','2024-05-26 10:35:17.591017');
INSERT INTO django_migrations VALUES(48,'socialaccount','0004_app_provider_id_settings','2024-05-26 10:35:17.629632');
INSERT INTO django_migrations VALUES(49,'socialaccount','0005_socialtoken_nullable_app','2024-05-26 10:35:17.664798');
INSERT INTO django_migrations VALUES(50,'socialaccount','0006_alter_socialaccount_extra_data','2024-05-26 10:35:17.694172');
INSERT INTO django_migrations VALUES(51,'support','0001_initial','2024-05-26 10:35:17.716516');
INSERT INTO django_migrations VALUES(52,'accounts','0005_alter_visitor_options','2024-05-23 14:20:58.341200');
INSERT INTO django_migrations VALUES(53,'partner_meet','0006_alter_partnermeet_categorie','2024-05-25 12:14:09.188121');
INSERT INTO django_migrations VALUES(54,'partner_meet','0007_alter_partnermeet_age','2024-05-25 12:31:34.273549');
CREATE TABLE IF NOT EXISTS "account_emailconfirmation" ("id" integer NOT NULL PRIMARY KEY AUTOINCREMENT, "created" datetime NOT NULL, "sent" datetime NULL, "key" varchar(64) NOT NULL UNIQUE, "email_address_id" integer NOT NULL REFERENCES "account_emailaddress" ("id") DEFERRABLE INITIALLY DEFERRED);
CREATE TABLE IF NOT EXISTS "account_emailaddress" ("id" integer NOT NULL PRIMARY KEY AUTOINCREMENT, "verified" bool NOT NULL, "primary" bool NOT NULL, "user_id" bigint NOT NULL REFERENCES "accounts_lightener" ("id") DEFERRABLE INITIALLY DEFERRED, "email" varchar(254) NOT NULL);
CREATE TABLE IF NOT EXISTS "accounts_lightener" ("id" integer NOT NULL PRIMARY KEY AUTOINCREMENT, "password" varchar(128) NOT NULL, "last_login" datetime NULL, "email" varchar(255) NOT NULL UNIQUE, "is_active" bool NOT NULL, "is_staff" bool NOT NULL, "is_admin" bool NOT NULL, "birth" date NULL, "prenom" varchar(25) NOT NULL, "consentement" bool NOT NULL, "weekly_likes" integer unsigned NOT NULL CHECK ("weekly_likes" >= 0), "weekly_favorites" integer unsigned NOT NULL CHECK ("weekly_favorites" >= 0), "last_weekly_reset" date NOT NULL, "ip_address" char(39) NULL, "engagement" integer unsigned NOT NULL CHECK ("engagement" >= 0), "favorite_app" integer unsigned NOT NULL CHECK ("favorite_app" >= 0), "clic_comparer" integer unsigned NOT NULL CHECK ("clic_comparer" >= 0), "clic_rencontres" integer unsigned NOT NULL CHECK ("clic_rencontres" >= 0), "clic_therapeutes" integer unsigned NOT NULL CHECK ("clic_therapeutes" >= 0), "location" varchar(100) NOT NULL);
INSERT INTO accounts_lightener VALUES(1,'pbkdf2_sha256$600000$6oVVoDouDGENn4IJ6xSaak$vTgrycvFit1PJKf4qKrAAlslg47mtFfeIEuHVZF2zgQ=','2024-05-27 05:44:25.370528','mikerault@lightmeet.fr',1,1,1,'1995-03-16','Mickael',1,0,0,'2024-04-21',NULL,0,0,0,0,0,'');
INSERT INTO accounts_lightener VALUES(2,'pbkdf2_sha256$600000$LHnb2egkbIEg9e8DVZjZjb$u/uSuPc/gu3C3DQKfydTO3wMSNLkqs028J/oH/KAPfk=','2024-05-23 11:25:03','rami.fenitra@gmail.com',1,1,1,'2024-05-23','Feni',0,0,0,'2024-04-22',NULL,0,0,0,0,0,'');
INSERT INTO accounts_lightener VALUES(4,'pbkdf2_sha256$600000$91d7k7XanjxdPIUt5G1bMb$AVEOXgWBPfXtf9fTnmK6xknC4FjflJRbP69MTAvGFH4=',NULL,'lauragarrido@lightmeet.fr',1,1,1,NULL,'',0,0,0,'2024-05-27',NULL,0,0,0,0,0,'False');
CREATE TABLE IF NOT EXISTS "accounts_visitor" ("id" integer NOT NULL PRIMARY KEY AUTOINCREMENT, "ip_address" char(39) NULL, "location" varchar(100) NOT NULL, "timestamp" datetime NOT NULL);
INSERT INTO accounts_visitor VALUES(111,'92.88.170.63','Toulouse, France','2024-05-23 15:34:54.654194');
INSERT INTO accounts_visitor VALUES(112,'85.27.26.85','Liège, Belgium','2024-05-23 15:35:02.954296');
INSERT INTO accounts_visitor VALUES(113,'92.88.170.63','Toulouse, France','2024-05-23 15:35:49.511341');
INSERT INTO accounts_visitor VALUES(114,'92.88.170.63','Toulouse, France','2024-05-23 15:46:09.279704');
INSERT INTO accounts_visitor VALUES(115,'92.88.170.63','Toulouse, France','2024-05-23 16:03:05.455274');
INSERT INTO accounts_visitor VALUES(116,'92.88.170.63','Toulouse, France','2024-05-23 16:12:18.387669');
INSERT INTO accounts_visitor VALUES(117,'92.88.170.63','Toulouse, France','2024-05-23 16:37:37.980043');
INSERT INTO accounts_visitor VALUES(118,'92.88.170.63','Toulouse, France','2024-05-23 16:47:18.017565');
INSERT INTO accounts_visitor VALUES(119,'92.88.170.63','Toulouse, France','2024-05-23 16:47:29.366222');
INSERT INTO accounts_visitor VALUES(120,'80.15.155.231','Paris, France','2024-05-23 18:26:47.248853');
INSERT INTO accounts_visitor VALUES(121,'80.15.155.231','Paris, France','2024-05-23 18:28:21.813530');
INSERT INTO accounts_visitor VALUES(122,'80.15.155.231','Paris, France','2024-05-23 19:02:09.705773');
INSERT INTO accounts_visitor VALUES(123,'80.15.155.231','Paris, France','2024-05-24 08:32:55.427703');
INSERT INTO accounts_visitor VALUES(124,'92.88.170.12','Toulouse, France','2024-05-24 13:34:38.807810');
INSERT INTO accounts_visitor VALUES(125,'85.27.26.85','Liège, Belgium','2024-05-24 14:09:39.429460');
INSERT INTO accounts_visitor VALUES(126,'89.238.177.178','Amsterdam, The Netherlands','2024-05-24 14:10:24.197262');
INSERT INTO accounts_visitor VALUES(127,'104.28.42.38','Toulouse, France','2024-05-24 14:25:59.327204');
INSERT INTO accounts_visitor VALUES(128,'80.15.155.231','Paris, France','2024-05-24 16:07:45.286351');
INSERT INTO accounts_visitor VALUES(129,'86.246.185.229','Vitry-sur-Seine, France','2024-05-25 11:15:58.223834');
INSERT INTO accounts_visitor VALUES(130,'217.119.180.99','Pau, France','2024-05-25 12:07:06.423153');
INSERT INTO accounts_visitor VALUES(131,'217.119.180.99','Pau, France','2024-05-25 12:15:45.150884');
INSERT INTO accounts_visitor VALUES(132,'188.188.239.161','Brussels, Belgium','2024-05-25 12:32:37.988310');
INSERT INTO accounts_visitor VALUES(133,'92.88.170.238','Toulouse, France','2024-05-25 12:42:41.781360');
INSERT INTO accounts_visitor VALUES(134,'92.88.170.238','Toulouse, France','2024-05-25 13:10:43.377387');
INSERT INTO accounts_visitor VALUES(135,'92.88.170.238','Toulouse, France','2024-05-25 13:12:43.106420');
INSERT INTO accounts_visitor VALUES(136,'92.88.170.238','Toulouse, France','2024-05-25 13:45:04.230297');
INSERT INTO accounts_visitor VALUES(137,'92.88.170.238','Toulouse, France','2024-05-25 14:22:35.954995');
INSERT INTO accounts_visitor VALUES(138,'92.88.170.238','Toulouse, France','2024-05-25 14:25:58.731471');
INSERT INTO accounts_visitor VALUES(139,'92.249.95.63','Kyiv, Ukraine','2024-05-25 17:25:50.697801');
INSERT INTO accounts_visitor VALUES(140,'77.197.7.79','Tours, France','2024-05-26 09:18:34.169854');
INSERT INTO accounts_visitor VALUES(141,'92.88.170.46','Toulouse, France','2024-05-26 09:36:14.074136');
INSERT INTO accounts_visitor VALUES(142,'92.88.170.46','Toulouse, France','2024-05-26 09:44:00.885683');
INSERT INTO accounts_visitor VALUES(143,'92.88.170.46','Toulouse, France','2024-05-26 09:46:37.520652');
INSERT INTO accounts_visitor VALUES(144,'92.88.170.46','Toulouse, France','2024-05-26 09:50:26.921708');
INSERT INTO accounts_visitor VALUES(145,'92.88.170.46','Toulouse, France','2024-05-26 09:54:33.479745');
INSERT INTO accounts_visitor VALUES(146,'92.88.170.46','Toulouse, France','2024-05-26 10:11:38.550026');
INSERT INTO accounts_visitor VALUES(147,'92.88.170.46','Toulouse, France','2024-05-26 10:13:41.004478');
INSERT INTO accounts_visitor VALUES(148,'92.88.170.46','Toulouse, France','2024-05-26 10:15:29.217678');
INSERT INTO accounts_visitor VALUES(149,'92.88.170.46','Toulouse, France','2024-05-26 10:21:52.509635');
INSERT INTO accounts_visitor VALUES(150,'92.88.170.46','Toulouse, France','2024-05-26 10:36:58.056551');
INSERT INTO accounts_visitor VALUES(151,'80.15.155.231','Paris, France','2024-05-26 11:07:03.262851');
INSERT INTO accounts_visitor VALUES(152,'80.15.155.231','Paris, France','2024-05-26 17:39:50.152157');
INSERT INTO accounts_visitor VALUES(153,'80.15.155.231','Paris, France','2024-05-27 05:43:36.860459');
INSERT INTO accounts_visitor VALUES(154,'80.15.155.231','Paris, France','2024-05-27 05:45:34.891067');
INSERT INTO accounts_visitor VALUES(155,'77.130.249.209','Nancy, France','2024-05-27 06:07:40.364881');
INSERT INTO accounts_visitor VALUES(156,'92.88.171.32','Toulouse, France','2024-05-27 06:30:10.825466');
INSERT INTO accounts_visitor VALUES(157,'92.88.171.32','Toulouse, France','2024-05-27 06:44:22.900159');
INSERT INTO accounts_visitor VALUES(158,'92.88.171.32','Toulouse, France','2024-05-27 06:46:19.790292');
INSERT INTO accounts_visitor VALUES(159,'217.119.180.99','Pau, France','2024-05-27 13:46:44.690710');
INSERT INTO accounts_visitor VALUES(160,'217.119.180.99','Pau, France','2024-05-27 14:07:09.201962');
INSERT INTO accounts_visitor VALUES(161,'217.119.180.99','Pau, France','2024-05-27 14:13:47.643152');
INSERT INTO accounts_visitor VALUES(162,'217.119.180.99','Pau, France','2024-05-27 14:20:11.453028');
INSERT INTO accounts_visitor VALUES(163,'217.119.180.99','Pau, France','2024-05-27 14:22:05.468781');
INSERT INTO accounts_visitor VALUES(164,'217.119.180.99','Pau, France','2024-05-27 14:29:56.357670');
INSERT INTO accounts_visitor VALUES(165,'217.119.180.99','Pau, France','2024-05-27 14:45:32.857121');
INSERT INTO accounts_visitor VALUES(166,'217.119.180.99','Pau, France','2024-05-27 14:55:09.537327');
INSERT INTO accounts_visitor VALUES(167,'77.197.7.79','Tours, France','2024-05-27 15:44:27.892297');
INSERT INTO accounts_visitor VALUES(168,'172.225.158.155','Toulouse, France','2024-05-27 18:38:00.755049');
INSERT INTO accounts_visitor VALUES(169,'172.225.158.155','Toulouse, France','2024-05-27 18:38:42.004214');
INSERT INTO accounts_visitor VALUES(170,'172.225.158.155','Toulouse, France','2024-05-27 18:45:32.128673');
INSERT INTO accounts_visitor VALUES(171,'140.248.41.31','Paris, France','2024-05-27 20:25:13.282618');
INSERT INTO accounts_visitor VALUES(172,'92.88.170.212','Toulouse, France','2024-05-28 08:30:47.418253');
INSERT INTO accounts_visitor VALUES(173,'78.243.179.173','Arès, France','2024-05-28 09:48:50.916885');
INSERT INTO accounts_visitor VALUES(174,'217.119.180.99','Pau, France','2024-05-28 13:24:52.069115');
INSERT INTO accounts_visitor VALUES(175,'217.119.180.99','Pau, France','2024-05-28 13:41:35.548395');
INSERT INTO accounts_visitor VALUES(176,'217.119.180.99','Pau, France','2024-05-28 13:43:35.477254');
INSERT INTO accounts_visitor VALUES(177,'217.119.180.99','Pau, France','2024-05-28 13:45:31.051981');
INSERT INTO accounts_visitor VALUES(178,'217.119.180.99','Pau, France','2024-05-28 13:54:57.933843');
INSERT INTO accounts_visitor VALUES(179,'217.119.180.99','Pau, France','2024-05-28 13:56:56.964553');
INSERT INTO accounts_visitor VALUES(180,'92.88.170.195','Toulouse, France','2024-05-28 15:40:20.290296');
INSERT INTO accounts_visitor VALUES(181,'80.15.155.231','Paris, France','2024-05-28 20:05:22.342624');
INSERT INTO accounts_visitor VALUES(182,'92.169.44.141','Breuillet, France','2024-05-28 23:20:23.334214');
CREATE TABLE IF NOT EXISTS "django_admin_log" ("id" integer NOT NULL PRIMARY KEY AUTOINCREMENT, "object_id" text NULL, "object_repr" varchar(200) NOT NULL, "action_flag" smallint unsigned NOT NULL CHECK ("action_flag" >= 0), "change_message" text NOT NULL, "content_type_id" integer NULL REFERENCES "django_content_type" ("id") DEFERRABLE INITIALLY DEFERRED, "user_id" bigint NOT NULL REFERENCES "accounts_lightener" ("id") DEFERRABLE INITIALLY DEFERRED, "action_time" datetime NOT NULL);
INSERT INTO django_admin_log VALUES(1,'1','3 - Badoo',1,'[{"added": {}}]',17,1,'2024-04-21 14:19:48.749668');
INSERT INTO django_admin_log VALUES(2,'2','2 - Meetic',1,'[{"added": {}}]',17,1,'2024-04-21 14:20:54.064431');
INSERT INTO django_admin_log VALUES(3,'3','1 - Wyylde',1,'[{"added": {}}]',17,1,'2024-04-21 14:22:47.132688');
INSERT INTO django_admin_log VALUES(4,'3','1 - Wyylde',2,'[]',17,1,'2024-04-21 18:13:23.290919');
INSERT INTO django_admin_log VALUES(5,'1','3 - Badoo',2,'[{"changed": {"fields": ["LOGO"]}}]',17,1,'2024-04-22 12:45:07.769969');
INSERT INTO django_admin_log VALUES(6,'1','3 - Badoo',2,'[{"changed": {"fields": ["LOGO"]}}]',17,1,'2024-04-22 12:45:22.827896');
INSERT INTO django_admin_log VALUES(7,'3','1 - Wyylde',2,'[{"changed": {"fields": ["Relation"]}}]',17,1,'2024-04-22 12:48:31.765639');
INSERT INTO django_admin_log VALUES(8,'4','4 - Disons Demain',1,'[{"added": {}}]',17,1,'2024-04-23 05:58:58.560870');
INSERT INTO django_admin_log VALUES(9,'4','4 - Disons Demain',2,'[{"changed": {"fields": ["LOGO"]}}]',17,1,'2024-04-23 05:59:42.642593');
INSERT INTO django_admin_log VALUES(10,'5','5 - Gleeden',1,'[{"added": {}}]',17,2,'2024-04-23 13:15:35.429316');
INSERT INTO django_admin_log VALUES(11,'6','6 - EliteRencontre',1,'[{"added": {}}]',17,2,'2024-04-23 13:17:25.796652');
INSERT INTO django_admin_log VALUES(12,'7','7 - AdopteUnMec',1,'[{"added": {}}]',17,2,'2024-04-23 13:19:42.647446');
INSERT INTO django_admin_log VALUES(13,'8','11 - Proximeety',1,'[{"added": {}}]',17,2,'2024-04-23 13:21:58.983569');
INSERT INTO django_admin_log VALUES(14,'9','8 - Le-Beguin',1,'[{"added": {}}]',17,2,'2024-04-23 13:24:09.469244');
INSERT INTO django_admin_log VALUES(15,'10','7 - Celibest',1,'[{"added": {}}]',17,2,'2024-04-23 13:25:35.676327');
INSERT INTO django_admin_log VALUES(16,'10','10 - Celibest',2,'[{"changed": {"fields": ["Ranking"]}}]',17,2,'2024-04-23 13:26:02.923862');
INSERT INTO django_admin_log VALUES(17,'11','32 - eDarling',1,'[{"added": {}}]',17,2,'2024-04-23 13:28:19.285065');
INSERT INTO django_admin_log VALUES(18,'10','10 - Celibest',2,'[{"changed": {"fields": ["Description"]}}]',17,1,'2024-04-23 19:59:35.217520');
INSERT INTO django_admin_log VALUES(19,'11','32 - eDarling',2,'[]',17,1,'2024-04-23 19:59:45.203533');
INSERT INTO django_admin_log VALUES(20,'9','8 - Le-Beguin',2,'[]',17,1,'2024-04-23 19:59:54.971436');
INSERT INTO django_admin_log VALUES(21,'8','11 - Proximeety',2,'[]',17,1,'2024-04-23 20:00:05.741168');
INSERT INTO django_admin_log VALUES(22,'7','7 - AdopteUnMec',2,'[]',17,1,'2024-04-23 20:00:26.318839');
INSERT INTO django_admin_log VALUES(23,'7','7 - AdopteUnMec',2,'[{"changed": {"fields": ["LOGO"]}}]',17,1,'2024-04-23 20:01:24.244357');
INSERT INTO django_admin_log VALUES(24,'7','7 - AdopteUnMec',2,'[{"changed": {"fields": ["LOGO"]}}]',17,1,'2024-04-23 20:01:41.804486');
INSERT INTO django_admin_log VALUES(25,'7','7 - AdopteUnMec',2,'[{"changed": {"fields": ["Age"]}}]',17,1,'2024-04-24 07:42:23.753372');
INSERT INTO django_admin_log VALUES(26,'6','6 - EliteRencontre - False ',2,'[{"changed": {"fields": ["Age"]}}]',17,1,'2024-04-24 09:41:18.748569');
INSERT INTO django_admin_log VALUES(27,'5','5 - Gleeden - False ',2,'[{"changed": {"fields": ["Age"]}}]',17,1,'2024-04-24 09:41:33.368838');
INSERT INTO django_admin_log VALUES(28,'3','1 - Wyylde - True ',2,'[]',17,1,'2024-04-24 09:41:45.984271');
INSERT INTO django_admin_log VALUES(29,'12','12 - Oulfa - False ',1,'[{"added": {}}]',17,1,'2024-04-24 13:04:06.121250');
INSERT INTO django_admin_log VALUES(30,'13','13 - Smail - False ',1,'[{"added": {}}]',17,1,'2024-04-24 13:06:03.162598');
INSERT INTO django_admin_log VALUES(31,'14','14 - Tchatche - False ',1,'[{"added": {}}]',17,1,'2024-04-24 13:08:44.311415');
INSERT INTO django_admin_log VALUES(32,'15','15 - Mignonne - False ',1,'[{"added": {}}]',17,1,'2024-04-24 13:10:51.053322');
INSERT INTO django_admin_log VALUES(33,'16','16 - Theotokos - False ',1,'[{"added": {}}]',17,1,'2024-04-24 13:13:14.751101');
INSERT INTO django_admin_log VALUES(34,'17','17 - Coup d''un soir - False ',1,'[{"added": {}}]',17,1,'2024-04-24 13:18:50.921232');
INSERT INTO django_admin_log VALUES(35,'18','18 - Mektoube - False ',1,'[{"added": {}}]',17,1,'2024-04-24 13:22:07.523132');
INSERT INTO django_admin_log VALUES(36,'19','None - Nos belles années - False ',1,'[{"added": {}}]',17,1,'2024-04-24 13:25:35.479235');
INSERT INTO django_admin_log VALUES(37,'19','19 - Nos belles années - False ',2,'[{"changed": {"fields": ["Ranking"]}}]',17,1,'2024-04-24 13:25:58.648754');
INSERT INTO django_admin_log VALUES(38,'20','20 - Quintonic - False ',1,'[{"added": {}}]',17,1,'2024-04-24 13:29:25.555566');
INSERT INTO django_admin_log VALUES(39,'5','5 - Gleeden - False ',2,'[{"changed": {"fields": ["LOGO"]}}]',17,1,'2024-04-24 13:33:22.311671');
INSERT INTO django_admin_log VALUES(40,'5','5 - Gleeden - False ',2,'[{"changed": {"fields": ["LOGO"]}}]',17,1,'2024-04-24 13:33:40.096046');
INSERT INTO django_admin_log VALUES(41,'21','21 - Parship - False ',1,'[{"added": {}}]',17,1,'2024-04-24 13:40:21.509995');
INSERT INTO django_admin_log VALUES(42,'22','23 - Rendez-vous - False ',1,'[{"added": {}}]',17,1,'2024-04-24 13:43:12.125280');
INSERT INTO django_admin_log VALUES(43,'23','24 - CelibOuest - False ',1,'[{"added": {}}]',17,1,'2024-04-24 13:48:25.888638');
INSERT INTO django_admin_log VALUES(44,'24','25 - Hugavenue - False ',1,'[{"added": {}}]',17,1,'2024-04-24 13:51:46.663091');
INSERT INTO django_admin_log VALUES(45,'25','27 - Attractive World - False ',1,'[{"added": {}}]',17,1,'2024-04-24 14:07:52.528867');
INSERT INTO django_admin_log VALUES(46,'22','22 - Rendez-vous - False ',2,'[{"changed": {"fields": ["Ranking"]}}]',17,1,'2024-04-24 14:09:14.343495');
INSERT INTO django_admin_log VALUES(47,'23','23 - CelibOuest - False ',2,'[{"changed": {"fields": ["Ranking"]}}]',17,1,'2024-04-24 14:09:22.893557');
INSERT INTO django_admin_log VALUES(48,'24','24 - Hugavenue - False ',2,'[{"changed": {"fields": ["Ranking"]}}]',17,1,'2024-04-24 14:09:34.488676');
INSERT INTO django_admin_log VALUES(49,'25','25 - Attractive World - False ',2,'[{"changed": {"fields": ["Ranking"]}}]',17,1,'2024-04-24 14:09:44.571247');
INSERT INTO django_admin_log VALUES(50,'26','26 - Rencontres locales - False ',1,'[{"added": {}}]',17,1,'2024-04-24 14:11:55.393545');
INSERT INTO django_admin_log VALUES(51,'27','27 - Happn - False ',1,'[{"added": {}}]',17,1,'2024-04-24 14:14:33.165097');
INSERT INTO django_admin_log VALUES(52,'28','28 - Club - 50 plus - False ',1,'[{"added": {}}]',17,1,'2024-04-24 14:43:26.504034');
INSERT INTO django_admin_log VALUES(53,'11','29 - eDarling - False ',2,'[{"changed": {"fields": ["Ranking"]}}]',17,1,'2024-04-24 14:43:55.251463');
INSERT INTO django_admin_log VALUES(54,'29','30 - Le parfait Gentleman - False ',1,'[{"added": {}}]',17,1,'2024-04-24 14:56:36.080071');
INSERT INTO django_admin_log VALUES(55,'30','31 - Freemeet - False ',1,'[{"added": {}}]',17,1,'2024-04-24 15:04:25.735783');
INSERT INTO django_admin_log VALUES(56,'31','33 - Elite Dating - False ',1,'[{"added": {}}]',17,1,'2024-04-24 15:07:25.068359');
INSERT INTO django_admin_log VALUES(57,'32','34 - Celib Lyon - False ',1,'[{"added": {}}]',17,1,'2024-04-24 15:10:22.668563');
INSERT INTO django_admin_log VALUES(58,'33','None - Geek Me More - False ',1,'[{"added": {}}]',17,1,'2024-04-24 15:12:11.542334');
INSERT INTO django_admin_log VALUES(59,'33','35 - Geek Me More - False ',2,'[{"changed": {"fields": ["Description", "Ranking"]}}]',17,1,'2024-04-24 15:12:51.508596');
INSERT INTO django_admin_log VALUES(60,'29','MeetSites/LeParfaitGentleman.png - 30 - Le parfait Gentleman - False ',2,'[{"changed": {"fields": ["LOGO"]}}]',17,1,'2024-04-24 15:25:28.154045');
INSERT INTO django_admin_log VALUES(61,'1','Mentions légales',1,'[{"added": {}}]',13,1,'2024-04-25 13:21:43.421974');
INSERT INTO django_admin_log VALUES(62,'1','Mentions légales',2,'[{"changed": {"fields": ["Created on"]}}]',13,1,'2024-04-25 13:27:27.166942');
INSERT INTO django_admin_log VALUES(63,'1','Mentions légales',2,'[]',13,1,'2024-04-25 13:30:45.155790');
INSERT INTO django_admin_log VALUES(64,'1','Mentions légales',2,'[]',13,1,'2024-04-25 13:35:11.656788');
INSERT INTO django_admin_log VALUES(65,'1','Mentions légales',2,'[]',13,1,'2024-04-25 13:47:58.686054');
INSERT INTO django_admin_log VALUES(66,'4','Acquérir une approche inclusive',2,'[{"changed": {"fields": ["Image", "Titre", "Description"]}}]',14,1,'2024-04-29 14:42:57.555753');
INSERT INTO django_admin_log VALUES(67,'3','Se positionner sur les normes de genre',2,'[{"changed": {"fields": ["Image", "Titre", "Description"]}}]',14,1,'2024-04-29 14:44:15.130596');
INSERT INTO django_admin_log VALUES(68,'2','Devenir une marque reconnue',2,'[{"changed": {"fields": ["Image", "Description"]}}]',14,1,'2024-04-29 14:44:42.228998');
INSERT INTO django_admin_log VALUES(69,'1','Concurrence et innovation',3,'',14,1,'2024-04-29 14:45:56.991015');
INSERT INTO django_admin_log VALUES(70,'3','MeetSites/Wyylde_DrRxaTr.png - 1 - Wyylde - True ',2,'[{"changed": {"fields": ["Prix avg"]}}]',17,1,'2024-05-04 09:52:49.969278');
INSERT INTO django_admin_log VALUES(71,'33','MeetSites/GeekmeMore.png - 35 - Geek Me More - False ',2,'[]',17,1,'2024-05-04 09:54:31.173447');
INSERT INTO django_admin_log VALUES(72,'3','1 - Wyylde ',2,'[{"changed": {"fields": ["Relation", "Age", "Prix avg"]}}]',17,1,'2024-05-12 20:30:23.791862');
INSERT INTO django_admin_log VALUES(73,'2','2 - Meetic ',2,'[{"changed": {"fields": ["Relation", "Age"]}}]',17,1,'2024-05-12 20:31:07.110317');
INSERT INTO django_admin_log VALUES(74,'1','3 - Badoo ',2,'[{"changed": {"fields": ["Relation", "Age"]}}]',17,1,'2024-05-12 20:31:28.362002');
INSERT INTO django_admin_log VALUES(75,'4','4 - Disons Demain ',2,'[{"changed": {"fields": ["Relation", "Age"]}}]',17,1,'2024-05-12 20:31:53.210285');
INSERT INTO django_admin_log VALUES(76,'4','4 - Disons Demain ',2,'[]',17,1,'2024-05-12 20:31:59.780024');
INSERT INTO django_admin_log VALUES(77,'4','4 - Disons Demain ',2,'[]',17,1,'2024-05-12 20:32:13.205666');
INSERT INTO django_admin_log VALUES(78,'5','5 - Gleeden ',2,'[{"changed": {"fields": ["Age"]}}]',17,1,'2024-05-12 20:32:31.559883');
INSERT INTO django_admin_log VALUES(79,'6','6 - EliteRencontre ',2,'[{"changed": {"fields": ["Relation", "Age"]}}]',17,1,'2024-05-12 20:32:55.154261');
INSERT INTO django_admin_log VALUES(80,'7','7 - AdopteUnMec ',2,'[{"changed": {"fields": ["Relation", "Age"]}}]',17,1,'2024-05-12 20:33:19.724926');
INSERT INTO django_admin_log VALUES(81,'8','11 - Proximeety ',2,'[{"changed": {"fields": ["Relation", "Age"]}}]',17,1,'2024-05-12 20:33:47.003470');
INSERT INTO django_admin_log VALUES(82,'12','12 - Oulfa ',2,'[{"changed": {"fields": ["Relation", "Age"]}}]',17,1,'2024-05-12 20:34:08.987784');
INSERT INTO django_admin_log VALUES(83,'9','8 - Le-Beguin ',2,'[{"changed": {"fields": ["Relation", "Age"]}}]',17,1,'2024-05-12 20:34:30.873681');
INSERT INTO django_admin_log VALUES(84,'10','10 - Celibest ',2,'[{"changed": {"fields": ["Relation", "Age"]}}]',17,1,'2024-05-12 20:34:53.621514');
INSERT INTO django_admin_log VALUES(85,'13','13 - Smail ',2,'[{"changed": {"fields": ["Categorie", "Relation", "Age"]}}]',17,1,'2024-05-12 20:35:26.704920');
INSERT INTO django_admin_log VALUES(86,'14','14 - Tchatche ',2,'[{"changed": {"fields": ["Categorie", "Relation", "Age"]}}]',17,1,'2024-05-12 20:35:57.843830');
INSERT INTO django_admin_log VALUES(87,'15','15 - Mignonne ',2,'[{"changed": {"fields": ["Categorie", "Relation", "Age"]}}]',17,1,'2024-05-12 20:36:35.609037');
INSERT INTO django_admin_log VALUES(88,'16','16 - Theotokos ',2,'[{"changed": {"fields": ["Categorie", "Relation", "Age"]}}]',17,1,'2024-05-12 20:37:09.954014');
INSERT INTO django_admin_log VALUES(89,'17','17 - Coup d''un soir ',2,'[{"changed": {"fields": ["Categorie", "Relation", "Age", "Prix avg"]}}]',17,1,'2024-05-12 20:37:50.219917');
INSERT INTO django_admin_log VALUES(90,'18','18 - Mektoube ',2,'[{"changed": {"fields": ["Categorie", "Relation", "Age"]}}]',17,1,'2024-05-12 20:38:14.288729');
INSERT INTO django_admin_log VALUES(91,'19','19 - Nos belles années ',2,'[{"changed": {"fields": ["Relation", "Age"]}}]',17,1,'2024-05-12 20:38:34.890175');
INSERT INTO django_admin_log VALUES(92,'20','20 - Quintonic ',2,'[{"changed": {"fields": ["Relation", "Age"]}}]',17,1,'2024-05-12 20:38:51.892384');
INSERT INTO django_admin_log VALUES(93,'21','21 - Parship ',2,'[{"changed": {"fields": ["Relation", "Age"]}}]',17,1,'2024-05-12 20:39:13.831556');
INSERT INTO django_admin_log VALUES(94,'22','22 - Rendez-vous ',2,'[{"changed": {"fields": ["Relation", "Age"]}}]',17,1,'2024-05-12 20:39:49.896138');
INSERT INTO django_admin_log VALUES(95,'23','23 - CelibOuest ',2,'[{"changed": {"fields": ["Relation", "Age"]}}]',17,1,'2024-05-12 20:40:12.353509');
INSERT INTO django_admin_log VALUES(96,'24','24 - Hugavenue ',2,'[{"changed": {"fields": ["Relation", "Age", "Prix avg"]}}]',17,1,'2024-05-12 20:40:55.885015');
INSERT INTO django_admin_log VALUES(97,'25','25 - Attractive World ',2,'[{"changed": {"fields": ["Relation", "Age"]}}]',17,1,'2024-05-12 20:41:20.928015');
INSERT INTO django_admin_log VALUES(98,'26','26 - Rencontres locales ',2,'[{"changed": {"fields": ["Relation", "Age"]}}]',17,1,'2024-05-12 20:41:53.105469');
INSERT INTO django_admin_log VALUES(99,'27','27 - Happn ',2,'[{"changed": {"fields": ["Categorie", "Relation", "Age"]}}]',17,1,'2024-05-12 20:42:37.062640');
INSERT INTO django_admin_log VALUES(100,'28','28 - Club - 50 plus ',2,'[{"changed": {"fields": ["Relation", "Age"]}}]',17,1,'2024-05-12 20:42:49.923211');
INSERT INTO django_admin_log VALUES(101,'29','30 - Le parfait Gentleman ',2,'[{"changed": {"fields": ["Relation", "Age"]}}]',17,1,'2024-05-12 20:43:03.721790');
INSERT INTO django_admin_log VALUES(102,'30','31 - Freemeet ',2,'[{"changed": {"fields": ["Categorie", "Relation", "Age"]}}]',17,1,'2024-05-12 20:43:27.442745');
INSERT INTO django_admin_log VALUES(103,'31','33 - Elite Dating ',3,'',17,1,'2024-05-12 20:44:05.442870');
INSERT INTO django_admin_log VALUES(104,'32','34 - Celib Lyon ',2,'[{"changed": {"fields": ["Relation", "Age"]}}]',17,1,'2024-05-12 20:44:29.529551');
INSERT INTO django_admin_log VALUES(105,'32','34 - Celib Lyon ',2,'[]',17,1,'2024-05-12 20:44:29.675039');
INSERT INTO django_admin_log VALUES(106,'32','34 - Celib Lyon ',2,'[]',17,1,'2024-05-12 20:44:29.962187');
INSERT INTO django_admin_log VALUES(107,'33','35 - Geek Me More ',2,'[{"changed": {"fields": ["Categorie", "Relation", "Age"]}}]',17,1,'2024-05-12 20:45:00.955627');
INSERT INTO django_admin_log VALUES(108,'33','35 - Geek Me More ',2,'[]',17,1,'2024-05-12 20:45:01.116174');
INSERT INTO django_admin_log VALUES(109,'4','4 - Disons Demain ',2,'[{"changed": {"fields": ["Age"]}}]',17,1,'2024-05-12 21:00:11.142074');
INSERT INTO django_admin_log VALUES(110,'4','4 - Disons Demain ',2,'[]',17,1,'2024-05-12 21:00:11.569101');
INSERT INTO django_admin_log VALUES(111,'19','19 - Nos belles années ',2,'[{"changed": {"fields": ["Age"]}}]',17,1,'2024-05-12 21:00:35.390208');
INSERT INTO django_admin_log VALUES(112,'28','28 - Club - 50 plus ',2,'[{"changed": {"fields": ["Age"]}}]',17,1,'2024-05-12 21:00:58.028446');
INSERT INTO django_admin_log VALUES(113,'13','13 - Smail ',2,'[{"changed": {"fields": ["Age"]}}]',17,1,'2024-05-12 21:01:37.236238');
INSERT INTO django_admin_log VALUES(114,'14','14 - Tchatche ',2,'[]',17,1,'2024-05-12 21:01:52.581684');
INSERT INTO django_admin_log VALUES(115,'21','21 - Parship ',2,'[{"changed": {"fields": ["Age"]}}]',17,1,'2024-05-12 21:02:33.008732');
INSERT INTO django_admin_log VALUES(116,'4','4 - Disons Demain ',2,'[{"changed": {"fields": ["Categorie"]}}]',17,1,'2024-05-12 21:06:11.442785');
INSERT INTO django_admin_log VALUES(117,'13','13 - Smail ',2,'[{"changed": {"fields": ["Categorie"]}}]',17,1,'2024-05-12 21:06:35.381379');
INSERT INTO django_admin_log VALUES(118,'8','11 - Proximeety ',2,'[{"changed": {"fields": ["Prix avg"]}}]',17,1,'2024-05-16 12:41:41.329275');
INSERT INTO django_admin_log VALUES(119,'1','mikerault@lightmeet.fr',2,'[{"changed": {"fields": ["Birth", "Prenom", "Consentement"]}}]',12,1,'2024-05-18 15:31:50.683026');
INSERT INTO django_admin_log VALUES(120,'1','mikerault@lightmeet.fr',2,'[]',12,1,'2024-05-20 15:21:55.167790');
INSERT INTO django_admin_log VALUES(121,'2','rami.fenitra@gmail.com',2,'[{"changed": {"fields": ["Birth", "Prenom", "Ip address"]}}]',12,2,'2024-05-23 11:55:23.509438');
INSERT INTO django_admin_log VALUES(122,'2','rami.fenitra@gmail.com',2,'[{"changed": {"fields": ["Ip address"]}}]',12,2,'2024-05-23 11:55:41.282840');
INSERT INTO django_admin_log VALUES(123,'3','sofia@gmail.com',1,'[{"added": {}}]',12,2,'2024-05-23 13:38:43.239754');
INSERT INTO django_admin_log VALUES(124,'3','sofia@gmail.com',3,'',12,2,'2024-05-23 13:39:08.339041');
INSERT INTO django_admin_log VALUES(125,'8','Visitor object (8)',3,'',19,1,'2024-05-23 14:04:09.085767');
INSERT INTO django_admin_log VALUES(126,'7','Visitor object (7)',3,'',19,1,'2024-05-23 14:04:09.113825');
INSERT INTO django_admin_log VALUES(127,'6','Visitor object (6)',3,'',19,1,'2024-05-23 14:04:09.133573');
INSERT INTO django_admin_log VALUES(128,'5','Visitor object (5)',3,'',19,1,'2024-05-23 14:04:09.152403');
INSERT INTO django_admin_log VALUES(129,'4','Visitor object (4)',3,'',19,1,'2024-05-23 14:04:09.180501');
INSERT INTO django_admin_log VALUES(130,'3','Visitor object (3)',3,'',19,1,'2024-05-23 14:04:09.198780');
INSERT INTO django_admin_log VALUES(131,'2','Visitor object (2)',3,'',19,1,'2024-05-23 14:04:09.218440');
INSERT INTO django_admin_log VALUES(132,'1','Visitor object (1)',3,'',19,1,'2024-05-23 14:04:09.240956');
INSERT INTO django_admin_log VALUES(133,'15','Visitor object (15)',3,'',19,1,'2024-05-23 14:15:45.430578');
INSERT INTO django_admin_log VALUES(134,'14','Visitor object (14)',3,'',19,1,'2024-05-23 14:15:45.456865');
INSERT INTO django_admin_log VALUES(135,'13','Visitor object (13)',3,'',19,1,'2024-05-23 14:15:45.477828');
INSERT INTO django_admin_log VALUES(136,'12','Visitor object (12)',3,'',19,1,'2024-05-23 14:15:45.496213');
INSERT INTO django_admin_log VALUES(137,'11','Visitor object (11)',3,'',19,1,'2024-05-23 14:15:45.514914');
INSERT INTO django_admin_log VALUES(138,'10','Visitor object (10)',3,'',19,1,'2024-05-23 14:15:45.534281');
INSERT INTO django_admin_log VALUES(139,'9','Visitor object (9)',3,'',19,1,'2024-05-23 14:15:45.555938');
INSERT INTO django_admin_log VALUES(140,'27','Visitor object (27)',3,'',19,2,'2024-05-23 14:21:09.642258');
INSERT INTO django_admin_log VALUES(141,'26','Visitor object (26)',3,'',19,2,'2024-05-23 14:21:09.663652');
INSERT INTO django_admin_log VALUES(142,'25','Visitor object (25)',3,'',19,2,'2024-05-23 14:21:09.702653');
INSERT INTO django_admin_log VALUES(143,'24','Visitor object (24)',3,'',19,2,'2024-05-23 14:21:09.719355');
INSERT INTO django_admin_log VALUES(144,'23','Visitor object (23)',3,'',19,2,'2024-05-23 14:21:09.742856');
INSERT INTO django_admin_log VALUES(145,'22','Visitor object (22)',3,'',19,2,'2024-05-23 14:21:09.770693');
INSERT INTO django_admin_log VALUES(146,'21','Visitor object (21)',3,'',19,2,'2024-05-23 14:21:09.788897');
INSERT INTO django_admin_log VALUES(147,'20','Visitor object (20)',3,'',19,2,'2024-05-23 14:21:09.815175');
INSERT INTO django_admin_log VALUES(148,'19','Visitor object (19)',3,'',19,2,'2024-05-23 14:21:09.835683');
INSERT INTO django_admin_log VALUES(149,'18','Visitor object (18)',3,'',19,2,'2024-05-23 14:21:09.856940');
INSERT INTO django_admin_log VALUES(150,'17','Visitor object (17)',3,'',19,2,'2024-05-23 14:21:09.880803');
INSERT INTO django_admin_log VALUES(151,'16','Visitor object (16)',3,'',19,2,'2024-05-23 14:21:09.898830');
INSERT INTO django_admin_log VALUES(152,'31','Visitor object (31)',3,'',19,1,'2024-05-23 14:27:35.474405');
INSERT INTO django_admin_log VALUES(153,'30','Visitor object (30)',3,'',19,1,'2024-05-23 14:27:35.512412');
INSERT INTO django_admin_log VALUES(154,'29','Visitor object (29)',3,'',19,1,'2024-05-23 14:27:35.531615');
INSERT INTO django_admin_log VALUES(155,'28','Visitor object (28)',3,'',19,1,'2024-05-23 14:27:35.548807');
INSERT INTO django_admin_log VALUES(156,'33','Visitor object (33)',3,'',19,1,'2024-05-23 14:29:09.293654');
INSERT INTO django_admin_log VALUES(157,'89','Visitor object (89)',3,'',19,1,'2024-05-23 14:38:10.338826');
INSERT INTO django_admin_log VALUES(158,'88','Visitor object (88)',3,'',19,1,'2024-05-23 14:38:10.393306');
INSERT INTO django_admin_log VALUES(159,'87','Visitor object (87)',3,'',19,1,'2024-05-23 14:38:10.456082');
INSERT INTO django_admin_log VALUES(160,'86','Visitor object (86)',3,'',19,1,'2024-05-23 14:38:10.505742');
INSERT INTO django_admin_log VALUES(161,'85','Visitor object (85)',3,'',19,1,'2024-05-23 14:38:10.586898');
INSERT INTO django_admin_log VALUES(162,'84','Visitor object (84)',3,'',19,1,'2024-05-23 14:38:10.658049');
INSERT INTO django_admin_log VALUES(163,'83','Visitor object (83)',3,'',19,1,'2024-05-23 14:38:10.678183');
INSERT INTO django_admin_log VALUES(164,'82','Visitor object (82)',3,'',19,1,'2024-05-23 14:38:10.697457');
INSERT INTO django_admin_log VALUES(165,'81','Visitor object (81)',3,'',19,1,'2024-05-23 14:38:10.717785');
INSERT INTO django_admin_log VALUES(166,'80','Visitor object (80)',3,'',19,1,'2024-05-23 14:38:10.739469');
INSERT INTO django_admin_log VALUES(167,'79','Visitor object (79)',3,'',19,1,'2024-05-23 14:38:10.792387');
INSERT INTO django_admin_log VALUES(168,'78','Visitor object (78)',3,'',19,1,'2024-05-23 14:38:10.841641');
INSERT INTO django_admin_log VALUES(169,'77','Visitor object (77)',3,'',19,1,'2024-05-23 14:38:10.893303');
INSERT INTO django_admin_log VALUES(170,'76','Visitor object (76)',3,'',19,1,'2024-05-23 14:38:10.913541');
INSERT INTO django_admin_log VALUES(171,'75','Visitor object (75)',3,'',19,1,'2024-05-23 14:38:10.933217');
INSERT INTO django_admin_log VALUES(172,'74','Visitor object (74)',3,'',19,1,'2024-05-23 14:38:10.951602');
INSERT INTO django_admin_log VALUES(173,'73','Visitor object (73)',3,'',19,1,'2024-05-23 14:38:10.997051');
INSERT INTO django_admin_log VALUES(174,'72','Visitor object (72)',3,'',19,1,'2024-05-23 14:38:11.029093');
INSERT INTO django_admin_log VALUES(175,'71','Visitor object (71)',3,'',19,1,'2024-05-23 14:38:11.069953');
INSERT INTO django_admin_log VALUES(176,'70','Visitor object (70)',3,'',19,1,'2024-05-23 14:38:11.109210');
INSERT INTO django_admin_log VALUES(177,'69','Visitor object (69)',3,'',19,1,'2024-05-23 14:38:11.138545');
INSERT INTO django_admin_log VALUES(178,'68','Visitor object (68)',3,'',19,1,'2024-05-23 14:38:11.158315');
INSERT INTO django_admin_log VALUES(179,'67','Visitor object (67)',3,'',19,1,'2024-05-23 14:38:11.178137');
INSERT INTO django_admin_log VALUES(180,'66','Visitor object (66)',3,'',19,1,'2024-05-23 14:38:11.201257');
INSERT INTO django_admin_log VALUES(181,'65','Visitor object (65)',3,'',19,1,'2024-05-23 14:38:11.252351');
INSERT INTO django_admin_log VALUES(182,'64','Visitor object (64)',3,'',19,1,'2024-05-23 14:38:11.277472');
INSERT INTO django_admin_log VALUES(183,'63','Visitor object (63)',3,'',19,1,'2024-05-23 14:38:11.298639');
INSERT INTO django_admin_log VALUES(184,'62','Visitor object (62)',3,'',19,1,'2024-05-23 14:38:11.324303');
INSERT INTO django_admin_log VALUES(185,'61','Visitor object (61)',3,'',19,1,'2024-05-23 14:38:11.357697');
INSERT INTO django_admin_log VALUES(186,'60','Visitor object (60)',3,'',19,1,'2024-05-23 14:38:11.397910');
INSERT INTO django_admin_log VALUES(187,'59','Visitor object (59)',3,'',19,1,'2024-05-23 14:38:11.422449');
INSERT INTO django_admin_log VALUES(188,'58','Visitor object (58)',3,'',19,1,'2024-05-23 14:38:11.463239');
INSERT INTO django_admin_log VALUES(189,'57','Visitor object (57)',3,'',19,1,'2024-05-23 14:38:11.499747');
INSERT INTO django_admin_log VALUES(190,'56','Visitor object (56)',3,'',19,1,'2024-05-23 14:38:11.522251');
INSERT INTO django_admin_log VALUES(191,'55','Visitor object (55)',3,'',19,1,'2024-05-23 14:38:11.542667');
INSERT INTO django_admin_log VALUES(192,'54','Visitor object (54)',3,'',19,1,'2024-05-23 14:38:11.567579');
INSERT INTO django_admin_log VALUES(193,'53','Visitor object (53)',3,'',19,1,'2024-05-23 14:38:11.596152');
INSERT INTO django_admin_log VALUES(194,'52','Visitor object (52)',3,'',19,1,'2024-05-23 14:38:11.621468');
INSERT INTO django_admin_log VALUES(195,'51','Visitor object (51)',3,'',19,1,'2024-05-23 14:38:11.639691');
INSERT INTO django_admin_log VALUES(196,'50','Visitor object (50)',3,'',19,1,'2024-05-23 14:38:11.661109');
INSERT INTO django_admin_log VALUES(197,'49','Visitor object (49)',3,'',19,1,'2024-05-23 14:38:11.682241');
INSERT INTO django_admin_log VALUES(198,'48','Visitor object (48)',3,'',19,1,'2024-05-23 14:38:11.708818');
INSERT INTO django_admin_log VALUES(199,'47','Visitor object (47)',3,'',19,1,'2024-05-23 14:38:11.730133');
INSERT INTO django_admin_log VALUES(200,'46','Visitor object (46)',3,'',19,1,'2024-05-23 14:38:11.752697');
INSERT INTO django_admin_log VALUES(201,'45','Visitor object (45)',3,'',19,1,'2024-05-23 14:38:11.779113');
INSERT INTO django_admin_log VALUES(202,'44','Visitor object (44)',3,'',19,1,'2024-05-23 14:38:11.805424');
INSERT INTO django_admin_log VALUES(203,'43','Visitor object (43)',3,'',19,1,'2024-05-23 14:38:11.831563');
INSERT INTO django_admin_log VALUES(204,'42','Visitor object (42)',3,'',19,1,'2024-05-23 14:38:11.857510');
INSERT INTO django_admin_log VALUES(205,'41','Visitor object (41)',3,'',19,1,'2024-05-23 14:38:11.882118');
INSERT INTO django_admin_log VALUES(206,'40','Visitor object (40)',3,'',19,1,'2024-05-23 14:38:11.904846');
INSERT INTO django_admin_log VALUES(207,'39','Visitor object (39)',3,'',19,1,'2024-05-23 14:38:11.929072');
INSERT INTO django_admin_log VALUES(208,'38','Visitor object (38)',3,'',19,1,'2024-05-23 14:38:11.952347');
INSERT INTO django_admin_log VALUES(209,'37','Visitor object (37)',3,'',19,1,'2024-05-23 14:38:11.970973');
INSERT INTO django_admin_log VALUES(210,'36','Visitor object (36)',3,'',19,1,'2024-05-23 14:38:11.988204');
INSERT INTO django_admin_log VALUES(211,'35','Visitor object (35)',3,'',19,1,'2024-05-23 14:38:12.008068');
INSERT INTO django_admin_log VALUES(212,'34','Visitor object (34)',3,'',19,1,'2024-05-23 14:38:12.026860');
INSERT INTO django_admin_log VALUES(213,'32','Visitor object (32)',3,'',19,1,'2024-05-23 14:38:12.051696');
INSERT INTO django_admin_log VALUES(214,'89','Visitor object (89)',3,'',19,1,'2024-05-23 14:38:11.479739');
INSERT INTO django_admin_log VALUES(215,'88','Visitor object (88)',3,'',19,1,'2024-05-23 14:38:12.141777');
INSERT INTO django_admin_log VALUES(216,'87','Visitor object (87)',3,'',19,1,'2024-05-23 14:38:12.165860');
INSERT INTO django_admin_log VALUES(217,'86','Visitor object (86)',3,'',19,1,'2024-05-23 14:38:12.185608');
INSERT INTO django_admin_log VALUES(218,'85','Visitor object (85)',3,'',19,1,'2024-05-23 14:38:12.206852');
INSERT INTO django_admin_log VALUES(219,'84','Visitor object (84)',3,'',19,1,'2024-05-23 14:38:12.226357');
INSERT INTO django_admin_log VALUES(220,'83','Visitor object (83)',3,'',19,1,'2024-05-23 14:38:12.246570');
INSERT INTO django_admin_log VALUES(221,'82','Visitor object (82)',3,'',19,1,'2024-05-23 14:38:12.279538');
INSERT INTO django_admin_log VALUES(222,'81','Visitor object (81)',3,'',19,1,'2024-05-23 14:38:12.300419');
INSERT INTO django_admin_log VALUES(223,'80','Visitor object (80)',3,'',19,1,'2024-05-23 14:38:12.322687');
INSERT INTO django_admin_log VALUES(224,'79','Visitor object (79)',3,'',19,1,'2024-05-23 14:38:12.341315');
INSERT INTO django_admin_log VALUES(225,'78','Visitor object (78)',3,'',19,1,'2024-05-23 14:38:12.362810');
INSERT INTO django_admin_log VALUES(226,'77','Visitor object (77)',3,'',19,1,'2024-05-23 14:38:12.381409');
INSERT INTO django_admin_log VALUES(227,'76','Visitor object (76)',3,'',19,1,'2024-05-23 14:38:12.398546');
INSERT INTO django_admin_log VALUES(228,'75','Visitor object (75)',3,'',19,1,'2024-05-23 14:38:12.418388');
INSERT INTO django_admin_log VALUES(229,'74','Visitor object (74)',3,'',19,1,'2024-05-23 14:38:12.441914');
INSERT INTO django_admin_log VALUES(230,'73','Visitor object (73)',3,'',19,1,'2024-05-23 14:38:12.470507');
INSERT INTO django_admin_log VALUES(231,'72','Visitor object (72)',3,'',19,1,'2024-05-23 14:38:12.491542');
INSERT INTO django_admin_log VALUES(232,'71','Visitor object (71)',3,'',19,1,'2024-05-23 14:38:12.509106');
INSERT INTO django_admin_log VALUES(233,'70','Visitor object (70)',3,'',19,1,'2024-05-23 14:38:12.529995');
INSERT INTO django_admin_log VALUES(234,'69','Visitor object (69)',3,'',19,1,'2024-05-23 14:38:12.559873');
INSERT INTO django_admin_log VALUES(235,'68','Visitor object (68)',3,'',19,1,'2024-05-23 14:38:12.585436');
INSERT INTO django_admin_log VALUES(236,'67','Visitor object (67)',3,'',19,1,'2024-05-23 14:38:12.603727');
INSERT INTO django_admin_log VALUES(237,'66','Visitor object (66)',3,'',19,1,'2024-05-23 14:38:12.623640');
INSERT INTO django_admin_log VALUES(238,'65','Visitor object (65)',3,'',19,1,'2024-05-23 14:38:12.642024');
INSERT INTO django_admin_log VALUES(239,'64','Visitor object (64)',3,'',19,1,'2024-05-23 14:38:12.662819');
INSERT INTO django_admin_log VALUES(240,'63','Visitor object (63)',3,'',19,1,'2024-05-23 14:38:12.681055');
INSERT INTO django_admin_log VALUES(241,'62','Visitor object (62)',3,'',19,1,'2024-05-23 14:38:12.699997');
INSERT INTO django_admin_log VALUES(242,'61','Visitor object (61)',3,'',19,1,'2024-05-23 14:38:12.717830');
INSERT INTO django_admin_log VALUES(243,'60','Visitor object (60)',3,'',19,1,'2024-05-23 14:38:12.735357');
INSERT INTO django_admin_log VALUES(244,'59','Visitor object (59)',3,'',19,1,'2024-05-23 14:38:12.754488');
INSERT INTO django_admin_log VALUES(245,'58','Visitor object (58)',3,'',19,1,'2024-05-23 14:38:12.773737');
INSERT INTO django_admin_log VALUES(246,'57','Visitor object (57)',3,'',19,1,'2024-05-23 14:38:12.796989');
INSERT INTO django_admin_log VALUES(247,'56','Visitor object (56)',3,'',19,1,'2024-05-23 14:38:12.825804');
INSERT INTO django_admin_log VALUES(248,'55','Visitor object (55)',3,'',19,1,'2024-05-23 14:38:12.866961');
INSERT INTO django_admin_log VALUES(249,'54','Visitor object (54)',3,'',19,1,'2024-05-23 14:38:12.891636');
INSERT INTO django_admin_log VALUES(250,'53','Visitor object (53)',3,'',19,1,'2024-05-23 14:38:12.911819');
INSERT INTO django_admin_log VALUES(251,'52','Visitor object (52)',3,'',19,1,'2024-05-23 14:38:12.936812');
INSERT INTO django_admin_log VALUES(252,'51','Visitor object (51)',3,'',19,1,'2024-05-23 14:38:12.955710');
INSERT INTO django_admin_log VALUES(253,'50','Visitor object (50)',3,'',19,1,'2024-05-23 14:38:12.975304');
INSERT INTO django_admin_log VALUES(254,'49','Visitor object (49)',3,'',19,1,'2024-05-23 14:38:12.996780');
INSERT INTO django_admin_log VALUES(255,'48','Visitor object (48)',3,'',19,1,'2024-05-23 14:38:13.018379');
INSERT INTO django_admin_log VALUES(256,'47','Visitor object (47)',3,'',19,1,'2024-05-23 14:38:13.038361');
INSERT INTO django_admin_log VALUES(257,'46','Visitor object (46)',3,'',19,1,'2024-05-23 14:38:13.057578');
INSERT INTO django_admin_log VALUES(258,'45','Visitor object (45)',3,'',19,1,'2024-05-23 14:38:13.076900');
INSERT INTO django_admin_log VALUES(259,'44','Visitor object (44)',3,'',19,1,'2024-05-23 14:38:13.098312');
INSERT INTO django_admin_log VALUES(260,'43','Visitor object (43)',3,'',19,1,'2024-05-23 14:38:13.117731');
INSERT INTO django_admin_log VALUES(261,'42','Visitor object (42)',3,'',19,1,'2024-05-23 14:38:13.141317');
INSERT INTO django_admin_log VALUES(262,'41','Visitor object (41)',3,'',19,1,'2024-05-23 14:38:13.160050');
INSERT INTO django_admin_log VALUES(263,'40','Visitor object (40)',3,'',19,1,'2024-05-23 14:38:13.183451');
INSERT INTO django_admin_log VALUES(264,'39','Visitor object (39)',3,'',19,1,'2024-05-23 14:38:13.201828');
INSERT INTO django_admin_log VALUES(265,'38','Visitor object (38)',3,'',19,1,'2024-05-23 14:38:13.231972');
INSERT INTO django_admin_log VALUES(266,'37','Visitor object (37)',3,'',19,1,'2024-05-23 14:38:13.253482');
INSERT INTO django_admin_log VALUES(267,'36','Visitor object (36)',3,'',19,1,'2024-05-23 14:38:13.275889');
INSERT INTO django_admin_log VALUES(268,'35','Visitor object (35)',3,'',19,1,'2024-05-23 14:38:13.295132');
INSERT INTO django_admin_log VALUES(269,'34','Visitor object (34)',3,'',19,1,'2024-05-23 14:38:13.316697');
INSERT INTO django_admin_log VALUES(270,'32','Visitor object (32)',3,'',19,1,'2024-05-23 14:38:13.389550');
INSERT INTO django_admin_log VALUES(271,'95','Visitor object (95)',3,'',19,2,'2024-05-23 14:43:04.962700');
INSERT INTO django_admin_log VALUES(272,'94','Visitor object (94)',3,'',19,2,'2024-05-23 14:43:04.984369');
INSERT INTO django_admin_log VALUES(273,'93','Visitor object (93)',3,'',19,2,'2024-05-23 14:43:05.005696');
INSERT INTO django_admin_log VALUES(274,'92','Visitor object (92)',3,'',19,2,'2024-05-23 14:43:05.024262');
INSERT INTO django_admin_log VALUES(275,'91','Visitor object (91)',3,'',19,2,'2024-05-23 14:43:05.044165');
INSERT INTO django_admin_log VALUES(276,'90','Visitor object (90)',3,'',19,2,'2024-05-23 14:43:05.064130');
INSERT INTO django_admin_log VALUES(277,'110','Visitor object (110)',3,'',19,2,'2024-05-23 15:34:45.068559');
INSERT INTO django_admin_log VALUES(278,'109','Visitor object (109)',3,'',19,2,'2024-05-23 15:34:45.096316');
INSERT INTO django_admin_log VALUES(279,'108','Visitor object (108)',3,'',19,2,'2024-05-23 15:34:45.131773');
INSERT INTO django_admin_log VALUES(280,'107','Visitor object (107)',3,'',19,2,'2024-05-23 15:34:45.152358');
INSERT INTO django_admin_log VALUES(281,'106','Visitor object (106)',3,'',19,2,'2024-05-23 15:34:45.173939');
INSERT INTO django_admin_log VALUES(282,'105','Visitor object (105)',3,'',19,2,'2024-05-23 15:34:45.193104');
INSERT INTO django_admin_log VALUES(283,'104','Visitor object (104)',3,'',19,2,'2024-05-23 15:34:45.219515');
INSERT INTO django_admin_log VALUES(284,'103','Visitor object (103)',3,'',19,2,'2024-05-23 15:34:45.240734');
INSERT INTO django_admin_log VALUES(285,'102','Visitor object (102)',3,'',19,2,'2024-05-23 15:34:45.261327');
INSERT INTO django_admin_log VALUES(286,'101','Visitor object (101)',3,'',19,2,'2024-05-23 15:34:45.279662');
INSERT INTO django_admin_log VALUES(287,'100','Visitor object (100)',3,'',19,2,'2024-05-23 15:34:45.320064');
INSERT INTO django_admin_log VALUES(288,'99','Visitor object (99)',3,'',19,2,'2024-05-23 15:34:45.348335');
INSERT INTO django_admin_log VALUES(289,'98','Visitor object (98)',3,'',19,2,'2024-05-23 15:34:45.367304');
INSERT INTO django_admin_log VALUES(290,'97','Visitor object (97)',3,'',19,2,'2024-05-23 15:34:45.386293');
INSERT INTO django_admin_log VALUES(291,'96','Visitor object (96)',3,'',19,2,'2024-05-23 15:34:45.409781');
INSERT INTO django_admin_log VALUES(292,'34','36 - Grindr ',1,'[{"added": {}}]',17,1,'2024-05-24 13:19:07.493914');
INSERT INTO django_admin_log VALUES(293,'35','37 - Taimi ',1,'[{"added": {}}]',17,1,'2024-05-24 13:25:29.076110');
INSERT INTO django_admin_log VALUES(294,'16','16 - Theotokos ',2,'[{"changed": {"fields": ["Categorie"]}}]',17,1,'2024-05-25 12:12:00.186669');
INSERT INTO django_admin_log VALUES(295,'35','37 - Taimi ',2,'[]',17,1,'2024-05-25 12:26:25.060798');
INSERT INTO django_admin_log VALUES(296,'34','36 - Grindr ',2,'[]',17,1,'2024-05-25 12:26:43.639134');
INSERT INTO django_admin_log VALUES(297,'1','3 - Badoo ',2,'[{"changed": {"fields": ["Age"]}}]',17,1,'2024-05-25 12:27:22.400673');
INSERT INTO django_admin_log VALUES(298,'7','7 - AdopteUnMec ',2,'[{"changed": {"fields": ["Age"]}}]',17,1,'2024-05-25 12:27:42.438294');
INSERT INTO django_admin_log VALUES(299,'35','37 - Taimi ',2,'[]',17,1,'2024-05-25 12:35:31.533981');
INSERT INTO django_admin_log VALUES(300,'34','36 - Grindr ',2,'[]',17,1,'2024-05-25 12:35:46.074657');
INSERT INTO django_admin_log VALUES(301,'34','36 - Grindr ',2,'[{"changed": {"fields": ["Age"]}}]',17,1,'2024-05-25 12:45:52.926657');
INSERT INTO django_admin_log VALUES(302,'35','37 - Taimi ',2,'[{"changed": {"fields": ["Age"]}}]',17,1,'2024-05-25 12:46:05.112074');
INSERT INTO django_admin_log VALUES(303,'36','38 - Nous lib ',1,'[{"added": {}}]',17,1,'2024-05-25 13:01:25.229694');
INSERT INTO django_admin_log VALUES(304,'37','38 - Nous lib ',1,'[{"added": {}}]',17,1,'2024-05-25 13:01:25.397252');
INSERT INTO django_admin_log VALUES(305,'37','38 - Nous lib ',3,'',17,1,'2024-05-25 13:01:36.926308');
INSERT INTO django_admin_log VALUES(306,'36','38 - Nous lib ',3,'',17,1,'2024-05-25 13:47:04.268208');
INSERT INTO django_admin_log VALUES(307,'34','36 - Grindr ',2,'[]',17,1,'2024-05-25 13:50:31.494259');
INSERT INTO django_admin_log VALUES(308,'38','39 - Dayton ',1,'[{"added": {}}]',18,1,'2024-05-27 13:41:46.774478');
INSERT INTO django_admin_log VALUES(309,'38','39 - Daytin ',2,'[{"changed": {"fields": ["Nom"]}}]',18,1,'2024-05-27 13:41:59.389152');
INSERT INTO django_admin_log VALUES(310,'5','Concurrence et innovation',1,'[{"added": {}}]',15,1,'2024-05-27 13:54:39.055510');
INSERT INTO django_admin_log VALUES(311,'6','Génération Y et rencontres',1,'[{"added": {}}]',15,1,'2024-05-27 13:55:39.989342');
INSERT INTO django_admin_log VALUES(312,'7','Jeune adulte',1,'[{"added": {}}]',15,1,'2024-05-27 13:56:48.045370');
INSERT INTO django_admin_log VALUES(313,'8','Monogamie',1,'[{"added": {}}]',15,1,'2024-05-27 13:58:37.150117');
INSERT INTO django_admin_log VALUES(314,'9','Les relations monogames',1,'[{"added": {}}]',15,1,'2024-05-27 13:59:50.007247');
INSERT INTO django_admin_log VALUES(315,'5','Concurrence et innovation',2,'[{"changed": {"fields": ["Created on", "Publi\u00e9"]}}]',15,1,'2024-05-27 14:00:12.398741');
INSERT INTO django_admin_log VALUES(316,'4','Acquérir une approche inclusive',2,'[{"changed": {"fields": ["Created on", "Publi\u00e9"]}}]',15,1,'2024-05-27 14:00:29.427561');
INSERT INTO django_admin_log VALUES(317,'3','Se positionner sur les normes de genre',2,'[{"changed": {"fields": ["Author", "Created on", "Publi\u00e9"]}}]',15,1,'2024-05-27 14:00:44.938468');
INSERT INTO django_admin_log VALUES(318,'2','Devenir une marque reconnue',2,'[{"changed": {"fields": ["Author", "Created on", "Publi\u00e9"]}}]',15,1,'2024-05-27 14:01:00.831597');
INSERT INTO django_admin_log VALUES(319,'10','Les Tendances émergentes de la rencontre en 2024',1,'[{"added": {}}]',15,1,'2024-05-27 14:02:20.436464');
INSERT INTO django_admin_log VALUES(320,'9','Quelles sont les tendances pour les personnes à la recherche d''un seul amour ?',2,'[{"changed": {"fields": ["Titre", "Slug"]}}]',15,1,'2024-05-27 14:03:04.945636');
INSERT INTO django_admin_log VALUES(321,'1','Loiseau François - Psychologie sociale - Pau',1,'[{"added": {}}]',17,1,'2024-05-27 18:55:05.775194');
CREATE TABLE IF NOT EXISTS "django_content_type" ("id" integer NOT NULL PRIMARY KEY AUTOINCREMENT, "app_label" varchar(100) NOT NULL, "model" varchar(100) NOT NULL);
INSERT INTO django_content_type VALUES(1,'account','emailaddress');
INSERT INTO django_content_type VALUES(2,'account','emailconfirmation');
INSERT INTO django_content_type VALUES(3,'socialaccount','socialaccount');
INSERT INTO django_content_type VALUES(4,'socialaccount','socialapp');
INSERT INTO django_content_type VALUES(5,'socialaccount','socialtoken');
INSERT INTO django_content_type VALUES(6,'admin','logentry');
INSERT INTO django_content_type VALUES(7,'auth','permission');
INSERT INTO django_content_type VALUES(8,'auth','group');
INSERT INTO django_content_type VALUES(9,'contenttypes','contenttype');
INSERT INTO django_content_type VALUES(10,'sessions','session');
INSERT INTO django_content_type VALUES(11,'sites','site');
INSERT INTO django_content_type VALUES(12,'accounts','lightener');
INSERT INTO django_content_type VALUES(13,'accounts','visitor');
INSERT INTO django_content_type VALUES(14,'legal','legal');
INSERT INTO django_content_type VALUES(15,'posts','blogpost');
INSERT INTO django_content_type VALUES(16,'support','supportticket');
INSERT INTO django_content_type VALUES(17,'psy','psymeet');
INSERT INTO django_content_type VALUES(18,'partner_meet','partnermeet');
CREATE TABLE IF NOT EXISTS "auth_group_permissions" ("id" integer NOT NULL PRIMARY KEY AUTOINCREMENT, "group_id" integer NOT NULL REFERENCES "auth_group" ("id") DEFERRABLE INITIALLY DEFERRED, "permission_id" integer NOT NULL REFERENCES "auth_permission" ("id") DEFERRABLE INITIALLY DEFERRED);
CREATE TABLE IF NOT EXISTS "auth_permission" ("id" integer NOT NULL PRIMARY KEY AUTOINCREMENT, "content_type_id" integer NOT NULL REFERENCES "django_content_type" ("id") DEFERRABLE INITIALLY DEFERRED, "codename" varchar(100) NOT NULL, "name" varchar(255) NOT NULL);
INSERT INTO auth_permission VALUES(1,1,'add_emailaddress','Can add email address');
INSERT INTO auth_permission VALUES(2,1,'change_emailaddress','Can change email address');
INSERT INTO auth_permission VALUES(3,1,'delete_emailaddress','Can delete email address');
INSERT INTO auth_permission VALUES(4,1,'view_emailaddress','Can view email address');
INSERT INTO auth_permission VALUES(5,2,'add_emailconfirmation','Can add email confirmation');
INSERT INTO auth_permission VALUES(6,2,'change_emailconfirmation','Can change email confirmation');
INSERT INTO auth_permission VALUES(7,2,'delete_emailconfirmation','Can delete email confirmation');
INSERT INTO auth_permission VALUES(8,2,'view_emailconfirmation','Can view email confirmation');
INSERT INTO auth_permission VALUES(9,3,'add_socialaccount','Can add social account');
INSERT INTO auth_permission VALUES(10,3,'change_socialaccount','Can change social account');
INSERT INTO auth_permission VALUES(11,3,'delete_socialaccount','Can delete social account');
INSERT INTO auth_permission VALUES(12,3,'view_socialaccount','Can view social account');
INSERT INTO auth_permission VALUES(13,4,'add_socialapp','Can add social application');
INSERT INTO auth_permission VALUES(14,4,'change_socialapp','Can change social application');
INSERT INTO auth_permission VALUES(15,4,'delete_socialapp','Can delete social application');
INSERT INTO auth_permission VALUES(16,4,'view_socialapp','Can view social application');
INSERT INTO auth_permission VALUES(17,5,'add_socialtoken','Can add social application token');
INSERT INTO auth_permission VALUES(18,5,'change_socialtoken','Can change social application token');
INSERT INTO auth_permission VALUES(19,5,'delete_socialtoken','Can delete social application token');
INSERT INTO auth_permission VALUES(20,5,'view_socialtoken','Can view social application token');
INSERT INTO auth_permission VALUES(21,6,'add_logentry','Can add log entry');
INSERT INTO auth_permission VALUES(22,6,'change_logentry','Can change log entry');
INSERT INTO auth_permission VALUES(23,6,'delete_logentry','Can delete log entry');
INSERT INTO auth_permission VALUES(24,6,'view_logentry','Can view log entry');
INSERT INTO auth_permission VALUES(25,7,'add_permission','Can add permission');
INSERT INTO auth_permission VALUES(26,7,'change_permission','Can change permission');
INSERT INTO auth_permission VALUES(27,7,'delete_permission','Can delete permission');
INSERT INTO auth_permission VALUES(28,7,'view_permission','Can view permission');
INSERT INTO auth_permission VALUES(29,8,'add_group','Can add group');
INSERT INTO auth_permission VALUES(30,8,'change_group','Can change group');
INSERT INTO auth_permission VALUES(31,8,'delete_group','Can delete group');
INSERT INTO auth_permission VALUES(32,8,'view_group','Can view group');
INSERT INTO auth_permission VALUES(33,9,'add_contenttype','Can add content type');
INSERT INTO auth_permission VALUES(34,9,'change_contenttype','Can change content type');
INSERT INTO auth_permission VALUES(35,9,'delete_contenttype','Can delete content type');
INSERT INTO auth_permission VALUES(36,9,'view_contenttype','Can view content type');
INSERT INTO auth_permission VALUES(37,10,'add_session','Can add session');
INSERT INTO auth_permission VALUES(38,10,'change_session','Can change session');
INSERT INTO auth_permission VALUES(39,10,'delete_session','Can delete session');
INSERT INTO auth_permission VALUES(40,10,'view_session','Can view session');
INSERT INTO auth_permission VALUES(41,11,'add_site','Can add site');
INSERT INTO auth_permission VALUES(42,11,'change_site','Can change site');
INSERT INTO auth_permission VALUES(43,11,'delete_site','Can delete site');
INSERT INTO auth_permission VALUES(44,11,'view_site','Can view site');
INSERT INTO auth_permission VALUES(45,12,'add_lightener','Can add Notre compte utilisateur');
INSERT INTO auth_permission VALUES(46,12,'change_lightener','Can change Notre compte utilisateur');
INSERT INTO auth_permission VALUES(47,12,'delete_lightener','Can delete Notre compte utilisateur');
INSERT INTO auth_permission VALUES(48,12,'view_lightener','Can view Notre compte utilisateur');
INSERT INTO auth_permission VALUES(49,13,'add_visitor','Can add Le visiteur de Lightmeet');
INSERT INTO auth_permission VALUES(50,13,'change_visitor','Can change Le visiteur de Lightmeet');
INSERT INTO auth_permission VALUES(51,13,'delete_visitor','Can delete Le visiteur de Lightmeet');
INSERT INTO auth_permission VALUES(52,13,'view_visitor','Can view Le visiteur de Lightmeet');
INSERT INTO auth_permission VALUES(53,14,'add_legal','Can add Notre document juridique');
INSERT INTO auth_permission VALUES(54,14,'change_legal','Can change Notre document juridique');
INSERT INTO auth_permission VALUES(55,14,'delete_legal','Can delete Notre document juridique');
INSERT INTO auth_permission VALUES(56,14,'view_legal','Can view Notre document juridique');
INSERT INTO auth_permission VALUES(57,15,'add_blogpost','Can add Notre Article');
INSERT INTO auth_permission VALUES(58,15,'change_blogpost','Can change Notre Article');
INSERT INTO auth_permission VALUES(59,15,'delete_blogpost','Can delete Notre Article');
INSERT INTO auth_permission VALUES(60,15,'view_blogpost','Can view Notre Article');
INSERT INTO auth_permission VALUES(61,16,'add_supportticket','Can add Notre contact avec le client');
INSERT INTO auth_permission VALUES(62,16,'change_supportticket','Can change Notre contact avec le client');
INSERT INTO auth_permission VALUES(63,16,'delete_supportticket','Can delete Notre contact avec le client');
INSERT INTO auth_permission VALUES(64,16,'view_supportticket','Can view Notre contact avec le client');
INSERT INTO auth_permission VALUES(65,17,'add_psymeet','Can add Notre thérapeute professionnel');
INSERT INTO auth_permission VALUES(66,17,'change_psymeet','Can change Notre thérapeute professionnel');
INSERT INTO auth_permission VALUES(67,17,'delete_psymeet','Can delete Notre thérapeute professionnel');
INSERT INTO auth_permission VALUES(68,17,'view_psymeet','Can view Notre thérapeute professionnel');
INSERT INTO auth_permission VALUES(69,18,'add_partnermeet','Can add Notre site de rencontre partenaire');
INSERT INTO auth_permission VALUES(70,18,'change_partnermeet','Can change Notre site de rencontre partenaire');
INSERT INTO auth_permission VALUES(71,18,'delete_partnermeet','Can delete Notre site de rencontre partenaire');
INSERT INTO auth_permission VALUES(72,18,'view_partnermeet','Can view Notre site de rencontre partenaire');
INSERT INTO auth_permission VALUES(73,19,'add_visitor','Can add Visitor');
INSERT INTO auth_permission VALUES(74,19,'change_visitor','Can change Visitor');
INSERT INTO auth_permission VALUES(75,19,'delete_visitor','Can delete Visitor');
INSERT INTO auth_permission VALUES(76,19,'view_visitor','Can view Visitor');
CREATE TABLE IF NOT EXISTS "auth_group" ("id" integer NOT NULL PRIMARY KEY AUTOINCREMENT, "name" varchar(150) NOT NULL UNIQUE);
CREATE TABLE IF NOT EXISTS "legal_legal" ("id" integer NOT NULL PRIMARY KEY AUTOINCREMENT, "title" varchar(255) NOT NULL UNIQUE, "slug" varchar(255) NOT NULL UNIQUE, "last_updated" datetime NOT NULL, "created_on" date NULL, "published" bool NOT NULL, "content" text NOT NULL, "description" text NOT NULL, "author_id" bigint NULL REFERENCES "accounts_lightener" ("id") DEFERRABLE INITIALLY DEFERRED);
INSERT INTO legal_legal VALUES(1,'Mentions légales','mentions-legales','2024-04-25 13:49:03.021518','2024-04-25',0,replace(replace('Listen2Meet SAS, 8 Rue de Liège - 64000 - Pau Téléphone : 07 86 32 74 58\r\nSIREN : 951664150 \r\nSIRET : 95166415000012 \r\nNuméro TVA intra : FR95951664150\r\nContact : support@listen2meet.fr\r\nHébergement : OVH CLOUD, 2 rue Kellermann - 59100 Roubaix - France','\r',char(13)),'\n',char(10)),'-',1);
CREATE TABLE IF NOT EXISTS "partner_meet_partnermeet" ("id" integer NOT NULL PRIMARY KEY AUTOINCREMENT, "nom" varchar(100) NOT NULL, "LOGO" varchar(100) NULL, "url" varchar(200) NOT NULL, "Visites_France" varchar(100) NOT NULL, "categorie" varchar(25) NOT NULL, "relation" varchar(25) NOT NULL, "age" varchar(50) NOT NULL, "prix_avg" decimal NOT NULL, "trustpilot" real NULL, "affiliation" bool NOT NULL, "free" bool NOT NULL, "co2" bool NOT NULL, "description" text NULL, "ranking" integer unsigned NULL CHECK ("ranking" >= 0), "date_creation" datetime NOT NULL);
INSERT INTO partner_meet_partnermeet VALUES(1,'Badoo','MeetSites/Badoo_W4xVbKb.jpeg','http://www.badoo.com','3532100','Généraliste','Durables','31-45',13,3.0,0,'Rencontrez de nouvelles personnes près de chez vous, rapidement et facilement.',3,'2024-04-21 14:19:48.738933',0,0);
INSERT INTO partner_meet_partnermeet VALUES(2,'Meetic','MeetSites/Meetic_tistqjI.jpeg','http://www.meetic.fr','8280720','Généraliste','Durables','31-45',25,2.7999999999999998223,0,'Trouvez l''amour authentique grâce à des rencontres sérieuses.',2,'2024-04-21 14:20:54.058127',0,0);
INSERT INTO partner_meet_partnermeet VALUES(3,'Wyylde','MeetSites/Wyylde_DrRxaTr.png','https://urlr.me/KsVB1','11209800','Libertin','Durables','31-45',19.890000000000000568,2.7000000000000001776,1,'Explorez vos fantasmes en toute discrétion.',1,'2024-04-21 14:22:47.127548',0,0);
INSERT INTO partner_meet_partnermeet VALUES(4,'Disons Demain','MeetSites/Disonsdemain.jpeg','https://www.disonsdemain.fr','3298560','Senior','Durables','+ 46',36.990000000000001988,3.0,0,'Rencontres dédiées aux seniors pour des relations authentiques.',4,'2024-04-23 05:58:58.555794',0,0);
INSERT INTO partner_meet_partnermeet VALUES(5,'Gleeden','MeetSites/Gleeden.png','https://fr.gleeden.com/','1593000','Extra-conjugales','Relation d''un soir','18-25',24,1.3999999999999999111,0,'Le site de rencontres pour les personnes en couple en quête de discrétion.',5,'2024-04-23 13:15:35.417205',0,0);
INSERT INTO partner_meet_partnermeet VALUES(6,'EliteRencontre','MeetSites/og.jpg','http://www.eliterencontre.fr/','1019040','Haut-de-gamme','Durables','18-25',9,2.2999999999999998223,0,'Rencontrez des célibataires ambitieux et sérieux près de chez vous.',6,'2024-04-23 13:17:25.782257',0,0);
INSERT INTO partner_meet_partnermeet VALUES(7,'AdopteUnMec','MeetSites/AdopteunMec.jpeg','http://www.adopteunmec.com/','723450','Généraliste','Durables','31-45',16.649999999999998579,1.3000000000000000444,0,'Faites vos emplettes parmi les hommes à adopter sur ce site original.',7,'2024-04-23 13:19:42.641408',0,0);
INSERT INTO partner_meet_partnermeet VALUES(8,'Proximeety','MeetSites/hiMlzVWz_400x400.jpg','http://www.proximeety.com/','351000','Généraliste','Durables','31-45',0,3.5,0,'Rencontrez des célibataires près de chez vous en toute simplicité.',11,'2024-04-23 13:21:58.979479',0,0);
INSERT INTO partner_meet_partnermeet VALUES(9,'Le-Beguin','MeetSites/Rz_a6yg__400x400.jpeg','https://stat-rencontres.fr/site-de-rencontre/avis-le-beguin/','575000','Généraliste','Durables','31-45',0,1.3000000000000000444,0,'Trouvez l''amour sans se prendre au sérieux.',8,'2024-04-23 13:24:09.460787',0,0);
INSERT INTO partner_meet_partnermeet VALUES(10,'Celibest','MeetSites/logo_celibest_400x400.png','https://www.celibest.com/','475000','Généraliste','Durables','31-45',7.9900000000000002131,1.3999999999999999111,0,'Rencontrez des célibataires dans l''est de la France sans frais.',10,'2024-04-23 13:25:35.672543',0,0);
INSERT INTO partner_meet_partnermeet VALUES(11,'eDarling','MeetSites/images.png','http://www.edarling.fr/','49290','Haut-de-gamme','Relation durables','25-35',0,1.5,0,'Rencontrez des célibataires sérieux et compatibles.',29,'2024-04-23 13:28:19.280863',0,0);
INSERT INTO partner_meet_partnermeet VALUES(12,'Oulfa','MeetSites/Oulfa.png','https://www.oulfa.fr','320850','Généraliste','Durables','31-45',20,2.2999999999999998223,0,'Trouvez l''amour authentique sur un site de rencontre sérieux et gratuit.',12,'2024-04-24 13:04:06.100903',0,0);
INSERT INTO partner_meet_partnermeet VALUES(13,'Smail','MeetSites/Smail.png','https://www.smail.fr','314470','Senior','Durables','+ 46',17,2.2000000000000001776,0,'Échangez et rencontrez des personnes intéressantes dans une ambiance conviviale.',13,'2024-04-24 13:06:03.151251',0,0);
INSERT INTO partner_meet_partnermeet VALUES(14,'Tchatche','MeetSites/Tchatche.png','https://www.tchatche.com','288100','Généraliste','Durables','31-45',10,2.8999999999999999111,0,'Discutez en toute simplicité et rencontrez de nouvelles personnes en ligne.',14,'2024-04-24 13:08:44.305177',0,0);
INSERT INTO partner_meet_partnermeet VALUES(15,'Mignonne','MeetSites/Mignonne.png','https://www.mignonne.com','267120','Généraliste','Durables','31-45',30,2.1000000000000000888,0,'Faites des rencontres coquines et sans prise de tête.',15,'2024-04-24 13:10:51.049113',0,0);
INSERT INTO partner_meet_partnermeet VALUES(16,'Theotokos','MeetSites/Theotokos.png','https://www.theotokos.fr','262622,98','Religieux','Durables','31-45',14.990000000000000213,2.7999999999999998223,0,'Découvrez un espace dédié aux rencontres entre célibataires chrétiens.',16,'2024-04-24 13:13:14.746509',0,0);
INSERT INTO partner_meet_partnermeet VALUES(17,'Coup d''un soir','MeetSites/Coup_dun_soir.png','https://www.coupdunsoir.fr','200533,92','Extra-conjugales','Relation d''un soir','31-45',48.990000000000001991,1.3999999999999999111,0,'Trouvez des partenaires pour des aventures d''un soir en toute discrétion.',17,'2024-04-24 13:18:50.917497',0,0);
INSERT INTO partner_meet_partnermeet VALUES(18,'Mektoube','MeetSites/Mektoube.png','https://www.mektoube.fr','185250','Religieux','Durables','31-45',19.899999999999998578,2.7000000000000001776,0,'Rencontrez des célibataires d''origine maghrébine en quête de relation sérieuse.',18,'2024-04-24 13:22:07.519230',0,0);
INSERT INTO partner_meet_partnermeet VALUES(19,'Nos belles années','MeetSites/NosBellesAnnées.png','https://NosBellesAnnées.fr','171154,188','Senior','Durables','+ 46',16,2.2999999999999998223,0,'Retrouvez l''amour à tout âge avec une plateforme dédiée aux seniors actifs.',19,'2024-04-24 13:25:35.468954',0,0);
INSERT INTO partner_meet_partnermeet VALUES(20,'Quintonic','MeetSites/Quintonic.png','https://www.quintonic.fr','166380','Senior','Durables','31-45',10,NULL,0,'Rencontrez des personnes partageant vos centres d''intérêt dans votre région.',20,'2024-04-24 13:29:25.550190',0,0);
INSERT INTO partner_meet_partnermeet VALUES(21,'Parship','MeetSites/Parship.png','https://www.parship.be','151272,3','Haut-de-gamme','Durables','+ 46',24.899999999999998579,3.1000000000000000888,0,'Trouvez des rencontres locales facilement avec notre plateforme conviviale.',21,'2024-04-24 13:40:21.501643',0,0);
INSERT INTO partner_meet_partnermeet VALUES(22,'Rendez-vous','MeetSites/Rendez-vous.be.png','https://www.rendez-vous.be','140140','Généraliste','Durables','31-45',15.900000000000000354,2.2999999999999998223,0,'Rencontrez des personnes croisant votre chemin dans la vie de tous les jours.',22,'2024-04-24 13:43:12.118562',0,0);
INSERT INTO partner_meet_partnermeet VALUES(23,'CelibOuest','MeetSites/Celibouest.png','https://www.celibouest.com','100000','Généraliste','Durables','31-45',29.899999999999998579,2.7999999999999998223,0,'Découvrez une communauté dynamique de plus de 50 ans à la recherche de nouvelles rencontres.',23,'2024-04-24 13:48:25.883606',0,0);
INSERT INTO partner_meet_partnermeet VALUES(24,'Hugavenue','MeetSites/HugAvenue.png','https://www.hugavenue.com','97020','Généraliste','Durables','31-45',48.990000000000001991,1.3000000000000000444,0,'Faites des rencontres sérieuses et durables dans la région de Lyon.',24,'2024-04-24 13:51:46.658795',0,0);
INSERT INTO partner_meet_partnermeet VALUES(25,'Attractive World','MeetSites/Attractive_World.png','https://www.attractiveworld.com','91080','Haut-de-gamme','Durables','31-45',9.9900000000000002131,1.1000000000000000888,0,'Rencontrez d''autres passionnés de culture geek et partagez vos intérêts.',25,'2024-04-24 14:07:52.524787',0,0);
INSERT INTO partner_meet_partnermeet VALUES(26,'Rencontres locales','MeetSites/Rencontres_locales.png','https://www.rencontreslocales.com','87833,09','Généraliste','Durables','31-45',24.800000000000000711,2.0,0,'Connectez-vous avec de nouvelles personnes et vivez des aventures amicales ou amoureuses.',26,'2024-04-24 14:11:55.385817',0,0);
INSERT INTO partner_meet_partnermeet VALUES(27,'Happn','MeetSites/Happn.png','https://www.happn.com','72540','Généraliste','Durables','31-45',24.899999999999998579,1.1999999999999999555,0,'Trouvez des célibataires du sud-ouest de la France prêts à partager de belles rencontres.',27,'2024-04-24 14:14:33.161048',0,0);
INSERT INTO partner_meet_partnermeet VALUES(28,'Club - 50 plus','MeetSites/Club50plus.png','https://www.Club-50plus.fr','53836,62','Senior','Durables','+ 46',29.949999999999999289,NULL,0,'Trouvez des célibataires de plus de 50 ans.',28,'2024-04-24 14:43:26.498991',0,0);
INSERT INTO partner_meet_partnermeet VALUES(29,'Le parfait Gentleman','MeetSites/LeParfaitGentleman.png','https://www.leparfaitgentleman.fr','45570','Haut-de-gamme','Durables','31-45',13.990000000000000213,3.2000000000000001776,0,'Rencontrez l''amour en ligne avec notre plateforme dédiée aux célibataires.',30,'2024-04-24 14:56:36.076251',0,0);
INSERT INTO partner_meet_partnermeet VALUES(30,'Freemeet','MeetSites/Freemeet.png','https://www.freemeet.net','44240','Généraliste','Durables','31-45',10.499999999999999999,1.6999999999999999555,0,'Discutez en ligne avec des célibataires de votre région et rencontrez des personnes intéressantes.',31,'2024-04-24 15:04:25.726419',0,0);
INSERT INTO partner_meet_partnermeet VALUES(32,'Celib Lyon','MeetSites/CelibLyon.png','https://www.celiblyon.com','40945','Généraliste','Durables','31-45',24.989999999999998436,NULL,0,'Rencontrez des célibataires de Lyon et trouvez l''amour près de chez vous.',34,'2024-04-24 15:10:22.662658',0,0);
INSERT INTO partner_meet_partnermeet VALUES(33,'Geek Me More','MeetSites/GeekmeMore.png','https://www.geekmemore.com','40515','Généraliste','Durables','31-45',0,NULL,0,'Découvrez une communauté de passionnés de jeux vidéo et de culture geek.',35,'2024-04-24 15:12:11.538098',0,0);
INSERT INTO partner_meet_partnermeet VALUES(34,'Grindr','MeetSites/Grindr.webp','https://www.grindr.com','210000','Généraliste','Homosexuelles','18-30',10,3.2000000000000001776,0,'Grindr est une application de rencontre lancée en 2009, destinée aux hommes gays, bisexuels, trans et queer.',36,'2024-05-24 13:19:07.486377',0,0);
INSERT INTO partner_meet_partnermeet VALUES(35,'Taimi','MeetSites/Taimi.png','https://taimi.com/fr','200000','Généraliste','Homosexuelles','18-30',0,4.2999999999999998223,0,'La plus grande application de rencontre et réseau social LGBTQ+ du monde',37,'2024-05-24 13:25:29.063504',0,0);
INSERT INTO partner_meet_partnermeet VALUES(38,'Daytin','MeetSites/UpGq15aIHX8Pm9R4pQMYFiD5NI.webp','https://www.daytin.fr/','5000','Généraliste','Durables','31-45',0,NULL,0,0,0,'Daytin, la rencontre, la vraie',39,'2024-05-27 13:41:46.766616');
CREATE TABLE IF NOT EXISTS "posts_blogpost" ("id" integer NOT NULL PRIMARY KEY AUTOINCREMENT, "title" varchar(255) NOT NULL UNIQUE, "slug" varchar(255) NOT NULL UNIQUE, "last_updated" datetime NOT NULL, "created_on" date NULL, "published" bool NOT NULL, "content" text NOT NULL, "description" text NOT NULL, "author_id" bigint NULL REFERENCES "accounts_lightener" ("id") DEFERRABLE INITIALLY DEFERRED, "image" varchar(100) NOT NULL);
INSERT INTO posts_blogpost VALUES(2,'Devenir une marque reconnue','devenir-une-marque-reconnue','2024-05-27 14:01:00.828290','2024-05-27',1,replace(replace('Devenir une marque reconnue sur le marché de la rencontre en 2024 est un défi passionnant mais exigeant. Dans un monde où les rencontres sont de plus en plus facilitées par la technologie et les plateformes en ligne, établir une marque solide et mémorable nécessite une combinaison de stratégie, d''innovation et de sensibilité aux besoins changeants des utilisateurs.\r\nPour réussir sur ce marché compétitif, il est essentiel de comprendre les tendances actuelles et les comportements des consommateurs. Les applications de rencontre jouent un rôle crucial dans la manière dont les gens rencontrent et interagissent, et les marques qui parviennent à créer des expériences convaincantes et authentiques sont celles qui se distinguent. Les smartphones sont devenus les outils privilégiés pour accéder à ces plateformes, et il est impératif que les marques soient optimisées pour offrir une expérience fluide et intuitive sur ces appareils.\r\nEn tant qu''entreprise aspirant à devenir une marque reconnue dans ce domaine, il est important d''adopter une approche axée sur l''utilisateur. Cela signifie écouter attentivement les retours des utilisateurs, comprendre leurs besoins et leurs préoccupations, et s''efforcer constamment d''améliorer l''expérience globale. Les marques qui réussissent sont celles qui mettent en place des mécanismes robustes de feedback utilisateur et qui utilisent ces informations pour guider leur développement et leur stratégie marketing.\r\nL''innovation est également essentielle pour se démarquer dans ce marché saturé. Les utilisateurs recherchent des fonctionnalités et des expériences uniques qui répondent à leurs besoins spécifiques. Les marques doivent donc être à l''affût des dernières tendances technologiques et être prêtes à les intégrer de manière créative dans leurs produits et services. Par exemple, l''intégration de la réalité augmentée ou de la reconnaissance faciale peut permettre des interactions plus immersives et personnalisées, tandis que l''utilisation de l''intelligence artificielle peut améliorer les algorithmes de matching et offrir des suggestions plus pertinentes aux utilisateurs.\r\nUne autre stratégie clé pour devenir une marque reconnue dans ce domaine est de cultiver une identité distincte et mémorable. Cela implique de créer une esthétique visuelle attrayante, un ton de communication unique et des valeurs de marque fortes qui résonnent avec le public cible. Les marques qui parviennent à créer un lien émotionnel avec leurs utilisateurs sont celles qui réussissent à fidéliser leur base d''utilisateurs et à se démarquer de la concurrence.\r\nLes partenariats stratégiques peuvent également jouer un rôle crucial dans le renforcement de la notoriété d''une marque sur le marché de la rencontre. En s''associant à des influenceurs, des célébrités ou des organisations qui partagent les mêmes valeurs, une marque peut bénéficier d''une exposition accrue et gagner la confiance des consommateurs. De plus, les partenariats avec d''autres entreprises complémentaires peuvent permettre d''offrir des services intégrés et de créer des expériences plus enrichissantes pour les utilisateurs.\r\nEnfin, il est important de reconnaître que la confiance et la sécurité sont des préoccupations majeures pour les utilisateurs de plateformes de rencontre en ligne. Les marques qui réussissent sont celles qui investissent dans des mesures robustes de sécurité des données et qui mettent en place des politiques claires en matière de confidentialité et de protection des utilisateurs. En démontrant un engagement envers la protection et le bien-être de leurs utilisateurs, les marques peuvent gagner leur confiance et leur fidélité à long terme.\r\nEn conclusion, devenir une marque reconnue sur le marché de la rencontre en 2024 demande une combinaison de stratégie, d''innovation et d''engagement envers les besoins et les préoccupations des utilisateurs. En adoptant une approche axée sur l''utilisateur, en recherchant constamment l''innovation, en cultivant une identité de marque distincte et en mettant l''accent sur la confiance et la sécurité, les marques peuvent non seulement réussir à percer sur ce marché compétitif, mais aussi à devenir des acteurs majeurs et respectés dans l''industrie de la rencontre en ligne.','\r',char(13)),'\n',char(10)),'-',1,'images_blog/Image_3e_article.png');
INSERT INTO posts_blogpost VALUES(3,'Se positionner sur les normes de genre','normes-de-genre','2024-05-27 14:00:44.935635','2024-05-27',1,replace(replace('L''évolution des normes de genre dans les applications de rencontre reflète un changement sociétal profond et continu. Au fil des ans, ces plateformes ont été le reflet et parfois le moteur des transformations dans la manière dont nous percevons et interagissons avec les identités de genre. Pour comprendre pleinement cette évolution, il est essentiel d''analyser les tendances actuelles et de voir comment les marques les plus influentes, telles que Meetic, façonnent et sont influencées par ces changements.\r\nTout d''abord, il est important de reconnaître que les applications de rencontre ne sont pas des espaces statiques, mais plutôt des environnements en constante évolution, souvent façonnés par les attitudes et les comportements de leurs utilisateurs. Ces plateformes ont joué un rôle crucial dans la remise en question des normes traditionnelles de genre en offrant aux utilisateurs la possibilité de choisir parmi une gamme d''options de genre, allant au-delà des simples catégories binaires homme/femme. Meetic, par exemple, a introduit des options de genre personnalisées, permettant aux utilisateurs de définir leur identité de genre de manière plus nuancée.\r\nEn outre, les applications de rencontre ont été un espace où les personnes non binaires, transgenres et genderqueer ont pu trouver une visibilité et une acceptation accrues. Des applications telles que Grindr et Her se sont spécifiquement concentrées sur la création d''espaces sûrs et inclusifs pour les personnes LGBTQ+ en permettant aux utilisateurs de filtrer les correspondances en fonction de leur identité de genre et de leurs préférences.\r\nCependant, malgré ces progrès, il reste encore beaucoup à faire pour garantir que les applications de rencontre soient véritablement inclusives et respectueuses de la diversité des identités de genre. Les incidents de discrimination et de harcèlement en ligne demeurent des problèmes persistants, et de nombreuses personnes LGBTQ+ rencontrent encore des obstacles lorsqu''elles utilisent ces plateformes. Les marques doivent donc redoubler d''efforts pour mettre en place des politiques de tolérance zéro contre la discrimination et pour sensibiliser leurs utilisateurs aux problèmes de genre et d''inclusion.\r\nEn outre, il est important de noter que les normes de genre dans les applications de rencontre ne sont pas seulement façonnées par les politiques et les fonctionnalités des plateformes, mais aussi par les attitudes culturelles plus larges en matière de genre et de sexualité. Les marques doivent être sensibles à ces nuances et s''efforcer de créer des environnements où les utilisateurs se sentent libres d''exprimer leur identité de genre et leurs préférences sans crainte de discrimination ou de stigmatisation.\r\nPour ce faire, les marques peuvent mettre en place des initiatives telles que des campagnes de sensibilisation, des ressources éducatives et des partenariats avec des organisations LGBTQ+ pour promouvoir la diversité et l''inclusion. Elles peuvent également investir dans la formation de leur personnel pour s''assurer que tous les employés comprennent les problématiques liées au genre et qu''ils sont équipés pour traiter les cas de discrimination ou de harcèlement.\r\nEn fin de compte, l''évolution des normes de genre dans les applications de rencontre est un processus complexe et dynamique, influencé par une variété de facteurs, allant des politiques des plateformes aux attitudes culturelles plus larges. Les marques qui réussissent sont celles qui reconnaissent l''importance de ces questions et qui travaillent activement à créer des environnements inclusifs et respectueux de la diversité des identités de genre. En faisant preuve de sensibilité, de responsabilité et d''engagement envers la lutte contre la discrimination, ces marques peuvent jouer un rôle crucial dans la promotion de l''égalité des genres et dans la création d''un avenir plus inclusif pour tous.','\r',char(13)),'\n',char(10)),'-',1,'images_blog/Image_2e_article.png');
INSERT INTO posts_blogpost VALUES(4,'Acquérir une approche inclusive','approche-inclusive','2024-05-27 14:00:29.424753','2024-05-27',1,replace(replace('Les applications de rencontre jouent un rôle de plus en plus crucial dans la promotion de l''inclusivité en matière de genre. Dans un paysage où les normes traditionnelles sont remises en question et où la diversité des identités de genre est de plus en plus reconnue, ces entreprises ont un impact significatif sur la manière dont les gens perçoivent et expérimentent les rencontres en ligne. Pour comprendre comment ces applications de rencontre mettent en avant une approche inclusive du genre, il est essentiel d''analyser les tendances actuelles et les initiatives spécifiques mises en œuvre par les leaders du secteur, telles que Hinge, Happn, Meetic, et Once.\r\nTout d''abord, ces applications de rencontre reconnaissent l''importance de fournir aux utilisateurs une gamme d''options de genre qui va au-delà des simples catégories binaires homme/femme. Hinge, par exemple, a introduit des options de genre personnalisées, permettant aux utilisateurs de définir leur identité de genre de manière plus nuancée. De même, Happn offre la possibilité aux utilisateurs de sélectionner parmi une variété d''options de genre, y compris non binaire, transgenre, et autre.\r\nEn outre, ces applications de rencontre mettent en place des initiatives visant à sensibiliser les utilisateurs aux problèmes liés au genre et à promouvoir l''inclusivité au sein de leurs communautés. Meetic, par exemple, a lancé des campagnes de sensibilisation sur les médias sociaux pour célébrer la diversité des identités de genre et encourager le respect et l''acceptation mutuelle. Ces efforts contribuent à créer un environnement plus accueillant et respectueux pour les utilisateurs de toutes les identités de genre.\r\nLes applications de rencontre sont également conscientes de l''importance de fournir des outils et des ressources pour aider les utilisateurs à naviguer dans le monde complexe des relations et de l''identité de genre. Once, par exemple, propose des guides et des articles éducatifs sur son application pour aider les utilisateurs à mieux comprendre les questions liées au genre et à la sexualité. De même, Happn organise des événements et des ateliers en ligne pour permettre aux utilisateurs de partager leurs expériences et leurs perspectives sur ces sujets.\r\nCependant, malgré ces progrès, il reste encore beaucoup à faire pour garantir que les applications de rencontre soient véritablement inclusives et respectueuses de la diversité des identités de genre. Les incidents de discrimination et de harcèlement en ligne demeurent des problèmes persistants, et de nombreuses personnes LGBTQ+ rencontrent encore des obstacles lorsqu''elles utilisent ces plateformes. Les applications de rencontre doivent donc redoubler d''efforts pour mettre en place des politiques de tolérance zéro contre la discrimination et pour sensibiliser leurs utilisateurs aux problèmes de genre et d''inclusion.\r\nEn fin de compte, les applications de rencontre jouent un rôle essentiel dans la promotion de l''inclusivité en matière de genre. En mettant en place des politiques et des initiatives qui reconnaissent et célèbrent la diversité des identités de genre, ces entreprises contribuent à créer un environnement plus accueillant et respectueux pour tous leurs utilisateurs. En continuant à faire progresser ces efforts, les applications de rencontre peuvent jouer un rôle important dans la création d''un monde où chacun se sent accepté et valorisé, quelle que soit son identité de genre.\r\nPour atteindre cet objectif, les applications de rencontre doivent continuer à écouter les besoins de leurs utilisateurs, à promouvoir la diversité au sein de leurs équipes et à collaborer avec des organisations LGBTQ+ pour sensibiliser et éduquer leur communauté. En investissant dans des initiatives axées sur l''inclusion et en créant des espaces sûrs et respectueux pour tous, ces entreprises peuvent véritablement faire la différence dans la vie de millions de personnes à travers le monde.','\r',char(13)),'\n',char(10)),'-',NULL,'images_blog/Image_1er_article.png');
INSERT INTO posts_blogpost VALUES(5,'Concurrence et innovation','concurrence-et-innovation','2024-05-27 14:00:12.391274','2024-05-27',1,replace(replace('Le marché de la rencontre, autrefois principalement basé sur les rencontres fortuites dans la vie réelle, a subi une transformation radicale avec l''avènement de la technologie et des applications de rencontre en ligne. Aujourd''hui, la question de savoir s''il est encore possible d''entrer dans ce marché est complexe et multifacette. Pour répondre à cette interrogation, explorons les différents aspects du marché de la rencontre, y compris les opportunités, les défis et les tendances actuelles.\r\nTout d''abord, il est indéniable que le marché de la rencontre est en constante évolution. Avec l''omniprésence des smartphones et l''accessibilité croissante à Internet, les applications de rencontre ont explosé en popularité au cours des dernières années. Des géants tels que Tinder, Bumble et OkCupid dominent le paysage, mais de nouvelles applications émergent régulièrement, chacune offrant sa propre approche unique pour aider les individus à trouver l''amour ou des relations. Cette diversité reflète à la fois la demande soutenue sur le marché et les nombreuses niches non encore exploitées.\r\nPourtant, malgré la concurrence féroce, il reste de la place pour de nouveaux acteurs. Les succès occasionnels de startups de niche, se concentrant par exemple sur des rencontres basées sur des intérêts spécifiques ou des modes de vie alternatifs, démontrent que les consommateurs recherchent des expériences plus personnalisées et spécialisées. De plus, la saturation du marché des rencontres traditionnelles laisse place à l''innovation. Les entreprises qui parviennent à apporter de nouvelles fonctionnalités, à résoudre les problèmes persistants de sécurité et de confidentialité, ou à utiliser des technologies émergentes telles que l''intelligence artificielle pour améliorer l''expérience utilisateur, ont des opportunités de se démarquer et de capturer des parts de marché.\r\nCependant, entrer dans le marché de la rencontre n''est pas sans ses défis. La concurrence est intense, avec de grandes entreprises disposant de ressources importantes pour la publicité, le marketing et le développement. Il est difficile pour les nouveaux arrivants de rivaliser avec leur portée et leur notoriété établies. De plus, les attentes des utilisateurs sont élevées. Les applications de rencontre doivent non seulement offrir une interface conviviale et des correspondances pertinentes, mais également garantir la sécurité des données et prévenir les abus et les comportements nuisibles. Les réglementations gouvernementales et les préoccupations croissantes concernant la confidentialité des données rendent la conformité réglementaire et la protection de la vie privée des utilisateurs plus cruciales que jamais.\r\nUn autre défi majeur est la fidélisation des utilisateurs. Avec une multitude d''options à leur disposition, les utilisateurs sont prompts à abandonner une application si elle ne répond pas à leurs attentes ou si une alternative plus attrayante apparaît. Les entreprises doivent donc constamment innover et améliorer leur produit pour rester pertinentes et retenir leur base d''utilisateurs.\r\nEn outre, le paysage social et culturel évolue, ce qui influence également le marché de la rencontre. Les changements dans les attitudes à l''égard du mariage, de la monogamie, et des relations en général, ainsi que l''acceptation croissante des rencontres en ligne comme moyen légitime de rencontrer des partenaires, façonnent la demande et les attentes des consommateurs. Les entreprises qui comprennent et s''adaptent à ces tendances ont un avantage concurrentiel.\r\nMalgré ces défis, il existe encore des opportunités prometteuses pour ceux qui souhaitent entrer sur le marché de &','\r',char(13)),'\n',char(10)),replace(replace('Le marché des rencontres en ligne, façonné par l''évolution technologique et sociétale, offre une multitude d''opportunités et de défis pour les nouveaux entrants. Malgré la domination des grandes entreprises telles que Meetic ou Tinder, des niches non encore exploitées attirent l''innovation, créant ainsi des espaces pour des expériences personnalisées. Cependant, la concurrence intense, les attentes élevées des utilisateurs en matière de sécurité et de confidentialité, ainsi que les changements culturels et sociaux, exigent une approche stratégique et novatrice pour réussir sur ce marché dynamique.\r\n\r\nQuelles sont selon vous les principales caractéristiques qui rendent une application de rencontre attractive et mémorable pour les utilisateurs ? N''hésitez pas à partager votre point de vue dans les commentaires ci-dessous !','\r',char(13)),'\n',char(10)),1,'images_blog/image-1.png');
INSERT INTO posts_blogpost VALUES(6,'Génération Y et rencontres','generation-y-et-rencontres','2024-05-27 13:55:39.983732',NULL,1,replace(replace('L''évolution des applications de rencontre pour la génération Y est un domaine en constante mutation, alimenté par les préférences changeantes des utilisateurs, les avancées technologiques et les tendances sociales émergentes. Cette cohorte démographique, souvent caractérisée par son utilisation omniprésente de la technologie et sa quête de relations authentiques, façonne activement le paysage des rencontres en ligne. Pour répondre à ces besoins et attentes en constante évolution, les marques de rencontres innovent constamment, proposant de nouvelles fonctionnalités, des approches uniques et des expériences améliorées.\r\nDans cette dynamique, la génération Y privilégie souvent les applications de rencontre qui offrent des options de personnalisation avancées. Ces utilisateurs apprécient la possibilité de créer des profils détaillés, de spécifier leurs préférences et leurs valeurs, et de filtrer les correspondances en fonction de critères spécifiques. Les marques qui intègrent cette dimension de personnalisation, comme OkCupid avec ses questions approfondies sur les valeurs et les opinions, attirent ainsi l''attention des utilisateurs de la génération Y à la recherche de correspondances plus compatibles.\r\nParallèlement, la génération Y est également très axée sur l''expérience utilisateur. Les applications de rencontre qui proposent une interface conviviale, des fonctionnalités intuitives et une navigation fluide sont généralement privilégiées. Les marques qui investissent dans la conception centrée sur l''utilisateur et qui tiennent compte des retours d''expérience des utilisateurs réussissent souvent à fidéliser cette génération exigeante. Tinder, avec son interface simple et ses mécanismes de balayage ludiques, en est un exemple remarquable.\r\nUne autre tendance importante parmi la génération Y est la volonté de sortir du cadre traditionnel des rencontres en ligne. Les applications de rencontre qui offrent des expériences hors ligne, telles que des événements en personne, des soirées thématiques et des activités sociales, attirent de plus en plus d''utilisateurs. Ces initiatives permettent aux utilisateurs de rencontrer des partenaires potentiels dans un environnement plus naturel et détendu, favorisant ainsi des interactions authentiques et des connexions plus profondes. Meetic est l''une des marques qui s''illustre dans ce domaine en organisant régulièrement des événements sociaux pour ses utilisateurs.\r\nEn outre, la génération Y accorde une grande importance à l''inclusivité et à la diversité. Les applications de rencontre qui célèbrent la variété des identités de genre, des orientations sexuelles et des origines culturelles sont souvent favorisées. Les marques qui mettent en avant ces valeurs, comme Bumble avec son engagement en faveur de l''égalité des sexes et Happn avec son ouverture aux rencontres interculturelles, attirent ainsi les utilisateurs progressistes de la génération Y.\r\nEn conclusion, les tendances des applications de rencontre pour la génération Y reflètent un désir croissant de personnalisation, d''expérience utilisateur optimisée, d''innovation hors ligne et d''inclusivité. Les marques qui réussissent sont celles qui parviennent à répondre à ces besoins tout en restant fidèles à leurs valeurs et à leur identité. En s''adaptant continuellement aux évolutions des comportements et des attentes des utilisateurs, les applications de rencontre peuvent maintenir leur pertinence et leur attrait auprès de la génération Y, assurant ainsi leur position dominante sur le marché des rencontres en ligne.','\r',char(13)),'\n',char(10)),replace(replace('Les applications de rencontre pour la génération Y évoluent pour répondre à leurs besoins changeants, offrant des options de personnalisation avancées, telles que celles proposées par Bumble, ou centré sur une expérience utilisateur intuitive, comme Tinder. \r\nCeci privilégie également les rencontres hors ligne, favorisées par des marques comme Meetic organisant des événements sociaux, et recherche l''inclusivité, comme promue par Bumble et Happn, reflétant ainsi leur engagement envers l''égalité des sexes et la diversité.\r\n\r\nAppréciez-vous l''accent mis par certaines marques sur les rencontres hors ligne et l''inclusivité ? Partagez vos réflexions dans les commentaires ci-dessous !','\r',char(13)),'\n',char(10)),1,'images_blog/image-1_5ZfJyfz.png');
INSERT INTO posts_blogpost VALUES(7,'Jeune adulte','jeune-adulte','2024-05-27 13:56:48.042254','2024-05-27',1,replace(replace('Les rencontres en ligne ont considérablement élargi les horizons des jeunes adultes en matière de vie amoureuse et de socialisation. Pour appréhender pleinement les attentes et les besoins de cette tranche d''âge dans le contexte des rencontres en ligne, il est impératif d''explorer en profondeur les tendances en émergence ainsi que les approches adoptées par les applications de rencontre les plus en vogue, telles que Tinder, Bumble et Hinge.\r\nD''abord, il est indéniable que les jeunes adultes sont attirés par la praticité et la facilité d''accès offertes par les applications de rencontre. Dans un monde où les emplois du temps sont chargés et les rythmes de vie effrénés, ces plateformes numériques représentent une solution idéale pour rencontrer de nouveaux visages et potentiellement développer des relations. Tinder notamment, avec son interface conviviale et son mécanisme de glissement intuitif, est devenue l''option de prédilection pour les jeunes adultes à la recherche de rencontres spontanées et sans contraintes.\r\nDe plus, les jeunes adultes accordent une importance capitale à l''authenticité et à la transparence dans le processus de rencontres en ligne. Ils privilégient les applications de rencontre qui favorisent des interactions sincères et authentiques plutôt que des échanges superficiels. Bumble, avec son concept où les femmes prennent l''initiative et son engagement envers la lutte contre les comportements inappropriés, attire ainsi les jeunes adultes désireux de nouer des relations respectueuses et égalitaires.\r\nUne tendance notable parmi les jeunes adultes est la quête de relations plus profondes et significatives, contrairement à l''image souvent véhiculée d''une génération en quête de rencontres éphémères et sans attaches. Un nombre croissant de jeunes adultes aspirent à des relations stables et durables. Hinge, avec son approche centrée sur la création de liens authentiques à travers des profils détaillés et des questions de conversation uniques, trouve ainsi un écho favorable auprès de cette catégorie de la population.\r\nNéanmoins, malgré ces tendances positives, les jeunes adultes doivent composer avec des défis uniques dans l''univers des rencontres en ligne. L''abondance de choix, les attentes parfois irréalistes et la pression sociale peuvent compliquer la navigation au sein de ces plateformes virtuelles. Les applications de rencontre qui reconnaissent ces défis et qui proposent des solutions novatrices pour les surmonter ont de bonnes chances de remporter l''adhésion de cette clientèle exigeante.\r\nEn résumé, les attentes et les besoins des jeunes adultes dans le domaine des rencontres en ligne sont pluriels et en constante évolution. Les applications de rencontre qui parviennent à satisfaire ces exigences en offrant des expériences utilisateur optimales, des interactions authentiques et des possibilités de connexion significative sont celles qui sauront fidéliser cette clientèle exigeante. En demeurant à l''écoute des tendances émergentes et en ajustant leurs offres en conséquence, les marques de rencontres peuvent jouer un rôle prépondérant dans la vie sentimentale et sociale des jeunes adultes contemporains.','\r',char(13)),'\n',char(10)),replace(replace('Les rencontres en ligne ont transformé la manière dont les jeunes adultes rencontrent et interagissent. Ces plateformes offrent praticité et accessibilité, répondant ainsi aux besoins d''une génération au rythme de vie effréné. Les jeunes adultes privilégient l''authenticité et recherchent des relations significatives, ce qui attire leur attention sur des applications comme Happn ou Hinge, qui favorisent des interactions sincères et des liens authentiques. Malgré les défis comme l''abondance de choix et les attentes irréalistes, les applications qui comprennent ces enjeux et proposent des solutions novatrices peuvent répondre efficacement aux besoins changeants de cette clientèle exigeante.\r\n\r\nQuelles applications de rencontre trouvez-vous les plus efficaces pour répondre à vos besoins ? Partagez vos réflexions et vos expériences dans les commentaires ci-dessous !','\r',char(13)),'\n',char(10)),1,'images_blog/image-1_8MwzRZA.png');
INSERT INTO posts_blogpost VALUES(8,'Monogamie','monogamie','2024-05-27 13:58:37.147242','2024-05-27',1,replace(replace('La quête de l''amour est une aspiration universelle, et dans le monde numérique d''aujourd''hui, de nombreuses tendances émergent pour répondre aux besoins des personnes à la recherche d''une relation sérieuse et durable. Pour comprendre pleinement ces tendances, il est essentiel d''examiner les évolutions du paysage des rencontres en ligne et les stratégies mises en œuvre par les applications de rencontre les plus influentes, telles que Tinder, Bumble et Hinge.\r\nPremièrement, il est important de reconnaître que de plus en plus de personnes recherchent une connexion authentique et significative dans un monde numérique souvent marqué par la superficialité et l''éphémère. Les applications de rencontre qui mettent l''accent sur la création de liens profonds et authentiques attirent ainsi l''attention des célibataires en quête d''une relation sérieuse. eHarmony, par exemple, est connue pour son approche basée sur la compatibilité des personnalités, aidant les utilisateurs à trouver des partenaires qui leur correspondent sur le plan émotionnel, intellectuel et spirituel.\r\nEn outre, les rencontres axées sur les valeurs et les intérêts communs gagnent en popularité parmi ceux qui recherchent un amour authentique et durable. Les applications de rencontre qui permettent aux utilisateurs de filtrer les correspondances en fonction de leurs croyances, de leurs hobbies et de leurs objectifs de vie sont particulièrement prisées. Coffee Meets Bagel, par exemple, met l''accent sur les connexions de qualité plutôt que sur la quantité, en proposant chaque jour à ses utilisateurs un nombre limité de correspondances basées sur des critères spécifiques.\r\nParallèlement, les personnes à la recherche d''un amour authentique privilégient de plus en plus les rencontres en personne plutôt que les interactions exclusivement en ligne. Les applications de rencontre qui encouragent les rencontres réelles en organisant des événements sociaux et des activités pour leurs utilisateurs gagnent en popularité. Meetup, par exemple, permet aux célibataires de se rencontrer dans un cadre informel et convivial, favorisant ainsi des connexions authentiques et des relations durables.\r\nEn outre, la tendance croissante des rencontres intergénérationnelles reflète un changement dans la façon dont les gens envisagent les relations amoureuses et les partenariats à long terme. Les applications de rencontre qui s''adressent spécifiquement aux célibataires plus âgés, comme OurTime, offrent un espace sûr et accueillant pour les personnes à la recherche d''un amour tardif ou d''une deuxième chance dans la vie. Ces plateformes facilitent les rencontres entre des personnes partageant des expériences de vie similaires et des valeurs communes, favorisant ainsi des relations significatives et durables.\r\nCependant, malgré ces tendances positives, les personnes à la recherche d''un seul amour sont souvent confrontées à des défis uniques dans le monde des rencontres en ligne. La surabondance de choix, les attentes irréalistes et la pression sociale peuvent rendre difficile la navigation dans ces plateformes numériques. Les applications de rencontre qui reconnaissent ces défis et qui proposent des solutions innovantes pour les surmonter ont de bonnes chances de remporter l''adhésion de cette clientèle exigeante.\r\nEn conclusion, les tendances pour les personnes à la recherche d''un seul amour reflètent une quête croissante de connexion authentique, de compatibilité des valeurs et d''engagement envers les rencontres en personne. Les applications de rencontre qui parviennent à répondre à ces besoins en offrant des expériences utilisateur optimales, des interactions authentiques et des possibilités de connexion significative sont celles qui sauront fidéliser cette clientèle exigeante. En demeurant à l''écoute des tendances émergentes et en ajustant leurs offres en conséquence, les marques de rencontres peuvent jouer un rôle prépondérant dans la vie sentimentale et sociale de ceux en quête d''un amour authentique et durable.','\r',char(13)),'\n',char(10)),replace(replace('Les couples monogames recherchent des applications de rencontre axées sur des relations durables et sécurisées, telles que Meetic ou EliteRencontre, tout en valorisant des expériences innovantes comme proposées par Happn. Malgré les défis des tentations et des pressions externes, ces applications contribuent à promouvoir des relations solides pour les couples monogames.\r\n\r\nAvez-vous trouvé des plateformes comme Meetic ou EliteRencontre efficaces pour créer des relations solides ? Partagez vos pensées dans les commentaires ci-dessous !','\r',char(13)),'\n',char(10)),1,'images_blog/image-1_rZRMEKZ.png');
INSERT INTO posts_blogpost VALUES(9,'Quelles sont les tendances pour les personnes à la recherche d''un seul amour ?','quelles-sont-les-tendances-pour-les-personnes-a-la-recherche-dun-seul-amour','2024-05-27 14:03:04.940976','2024-05-27',1,replace(replace('Comprendre les attentes et les dynamiques des couples monogames nécessite une exploration approfondie et nuancée des multiples facettes de leurs relations, ainsi que des influences culturelles, sociales et technologiques qui les façonnent. Dans un paysage relationnel en constante évolution, où les modes de communication et les normes sociales sont en perpétuelle mutation, les couples monogames naviguent à travers une variété de défis et d''opportunités dans leur quête d''une connexion authentique et durable. Pour appréhender pleinement ces dynamiques, il est essentiel d''analyser en profondeur les tendances émergentes et les approches adoptées par les applications de rencontre les plus populaires, en mettant en lumière les changements et les défis rencontrés par ces couples dans leur recherche d''une relation significative et épanouissante.\r\nLes couples monogames aspirent souvent à une relation profonde et exclusive avec leur partenaire, fondée sur des valeurs telles que la confiance, la fidélité et la communication ouverte. Dans cette optique, ils accordent une grande importance à la sélection d''un partenaire compatible sur le plan émotionnel, intellectuel et parfois spirituel. Les applications de rencontre qui mettent l''accent sur la création de liens significatifs et durables attirent particulièrement leur attention. Par exemple, eHarmony utilise des algorithmes sophistiqués et des questionnaires approfondis pour aider les utilisateurs à trouver des partenaires qui leur correspondent sur plusieurs niveaux, favorisant ainsi la création de relations solides et épanouissantes.\r\nDe plus, les couples monogames attachent une grande valeur à la stabilité et à la sécurité dans leur relation. Ils sont soucieux de préserver leur vie privée et de protéger leurs données personnelles dans le contexte des rencontres en ligne. Par conséquent, les applications de rencontre qui offrent des fonctionnalités de filtrage avancées et des mesures de sécurité renforcées sont hautement appréciées. OkCupid, par exemple, est reconnue pour son engagement envers la sécurité des utilisateurs, avec des protocoles de vérification stricts et des options de confidentialité personnalisables, rassurant ainsi les couples monogames quant à la protection de leur intimité.\r\nEn outre, les couples monogames cherchent à cultiver une relation enrichissante et épanouissante, caractérisée par des moments de qualité partagés et des activités communes. Ils valorisent les applications de rencontre qui facilitent la planification de rendez-vous et d''expériences significatives en couple. Coffee Meets Bagel propose ainsi des fonctionnalités pour organiser des sorties en tandem, favorisant ainsi la création de souvenirs mémorables et le renforcement des liens affectifs entre les partenaires.\r\nCependant, malgré ces tendances positives, les couples monogames doivent faire face à divers défis et pressions qui peuvent mettre à l''épreuve leur relation. Les applications de rencontre peuvent parfois être le lieu de tentations et de distractions potentielles, mettant ainsi à l''épreuve la confiance et la solidité des liens émotionnels. De plus, les pressions externes, telles que les attentes sociales ou familiales, peuvent également influencer la dynamique des relations monogames, créant parfois des tensions et des conflits.\r\nEn conclusion, comprendre les attentes et les dynamiques des couples monogames est un processus complexe et évolutif, influencé par une variété de facteurs. Les applications de rencontre jouent un rôle crucial dans cette dynamique en proposant des plateformes adaptées aux besoins spécifiques de ces couples. En demeurant à l''écoute des tendances émergentes et en ajustant leurs offres en conséquence, les marques de rencontres peuvent contribuer à promouvoir des relations solides, épanouissantes et durables pour les couples monogames dans notre société moderne.','\r',char(13)),'\n',char(10)),replace(replace('Comprendre les attentes et les dynamiques des couples monogames dans les rencontres en ligne nécessite une analyse approfondie des influences culturelles et technologiques. Les valeurs de confiance et de stabilité orientent leur recherche vers des applications de rencontre qui favorisent la création de liens durables. \r\nMalgré les défis des tentations et des pressions externes, des plateformes telles que Coffee Meets Bagel facilitent la planification d''expériences significatives, renforçant ainsi les relations des couples monogames de qualité.\r\n\r\nPensez-vous que ces plateformes répondent efficacement aux attentes des couples aujourd''hui ? Partagez votre avis dans les commentaires ci-dessous !','\r',char(13)),'\n',char(10)),1,'images_blog/image-1_udQXOfh.png');
INSERT INTO posts_blogpost VALUES(10,'Les Tendances émergentes de la rencontre en 2024','les-tendances-emergentes-de-la-rencontre-en-2024','2024-05-27 14:02:20.433500','2024-05-27',1,replace(replace('En 2024, le monde de la rencontre évolue à un rythme effréné, façonné par une combinaison unique de progrès technologiques, de changements socioculturels et de nouvelles attitudes envers les relations humaines. Ces tendances émergentes redéfinissent la manière dont les individus se connectent, interagissent et entretiennent des relations, créant ainsi un paysage de rencontre dynamique et diversifié. Dans cet essai, nous explorerons les principales tendances qui caractérisent cette nouvelle ère de la rencontre, en mettant en lumière leurs implications et leur potentiel pour façonner l''avenir des relations humaines.\r\nLa première tendance majeure qui se dégage est l''intégration croissante de la technologie dans tous les aspects de la rencontre. Des applications de rencontre alimentées par l''intelligence artificielle aux dispositifs de réalité virtuelle permettant des interactions immersives, les avancées technologiques redéfinissent la manière dont les individus rencontrent et se connectent les uns aux autres. Ces innovations offrent des possibilités sans précédent pour élargir le pool de partenaires potentiels, mais soulèvent également des questions sur la nature authentique des relations humaines dans un monde de plus en plus numérique.\r\nUne autre tendance significative est l''émergence de plateformes de rencontre axées sur des intérêts spécifiques et des valeurs partagées. Plutôt que de se fier uniquement à des critères superficiels tels que l''apparence physique, de plus en plus de personnes se tournent vers des applications et des sites de rencontre qui mettent l''accent sur des affinités communes, qu''il s''agisse de passions, de croyances religieuses ou de modes de vie alternatifs. Cette approche favorise des connexions plus profondes et plus significatives, en offrant aux individus la possibilité de trouver des partenaires qui partagent leurs centres d''intérêt et leurs valeurs fondamentales.\r\nParallèlement à ces évolutions technologiques, nous observons également un changement dans les attitudes culturelles envers la rencontre et les relations. La stigmatisation associée aux rencontres en ligne diminue progressivement, tandis que de plus en plus de personnes embrassent cette méthode de recherche de partenaires. Les rencontres virtuelles sont devenues une norme acceptée, offrant aux individus une plus grande flexibilité et une plus grande accessibilité dans leur recherche de relations. Cette normalisation des rencontres en ligne ouvre la voie à une diversité accrue dans les types de relations et les modèles relationnels, remettant en question les conventions traditionnelles de la romance et de l''intimité.\r\nEn outre, les tendances émergentes de la rencontre en 2024 reflètent également un intérêt croissant pour les rencontres durables et éthiques. De plus en plus de personnes cherchent des partenaires qui partagent leurs valeurs en matière de responsabilité environnementale, d''égalité des sexes et de justice sociale. Les plateformes de rencontre commencent à intégrer ces considérations dans leur algorithme de correspondance, permettant aux utilisateurs de filtrer les partenaires potentiels en fonction de critères tels que leur engagement envers le développement durable ou leur soutien aux droits humains. Cette évolution témoigne d''un désir croissant de créer des relations alignées sur des principes éthiques et de contribuer à un changement social positif à travers les rencontres.\r\nEnfin, une tendance majeure qui émerge dans le paysage de la rencontre en 2024 est la recherche de relations authentiques et significatives dans un monde de plus en plus connecté mais souvent superficiel. Face à la prolifération des rencontres occasionnelles et des interactions superficielles facilitées par les médias sociaux, de nombreux individus aspirent à des relations plus profondes et plus authentiques. Cela se traduit par une demande croissante de services de rencontre axés sur la création de liens émotionnels et spirituels, plutôt que simplement sur la satisfaction des besoins physiques ou sociaux. Les personnes cherchent des partenaires avec lesquels elles peuvent établir une connexion véritable et durable, basée sur la compréhension mutuelle, le respect et le soutien mutuel.\r\nEn conclusion, les tendances émergentes de la rencontre en 2024 reflètent un paysage en constante évolution, façonné par une combinaison complexe de facteurs technologiques, socioculturels et psychologiques. Alors que la technologie continue de jouer un rôle central dans la manière dont les individus se connectent et interagissent, nous assistons également à un changement dans les attitudes culturelles envers la rencontre et les relations, ainsi qu''à une recherche croissante de rencontres durables et authentiques. Ces tendances promettent de redéfinir l''avenir des relations humaines, en offrant de nouvelles possibilités pour la connexion et l''intimité, tout en soulevant des questions importantes sur la nature même de l''interaction humaine dans un monde de plus en plus numérique et interconnecté.','\r',char(13)),'\n',char(10)),'En 2024, les rencontres en ligne évoluent rapidement, influencées par la technologie et les changements sociaux. Des tendances émergentes redéfinissent les interactions humaines, avec une intégration croissante de la technologie, des plateformes axées sur des intérêts communs et une quête de relations authentiques. Les attentes évoluent vers des rencontres durables et éthiques, tandis que la recherche de connexions significatives défie la superficialité des interactions virtuelles. Pour réussir dans ce paysage dynamique, les applications de rencontre doivent offrir une expérience fluide, personnalisée, sécurisée et innovante. Quelles sont selon vous les principales caractéristiques qui rendent une application de rencontre attractive et mémorable pour les utilisateurs ? N''hésitez pas à partager votre point de vue dans les commentaires ci-dessous !',1,'images_blog/image-1_DDMdVIt.png');
CREATE TABLE IF NOT EXISTS "psy_psymeet" ("id" integer NOT NULL PRIMARY KEY AUTOINCREMENT, "departement" varchar(100) NOT NULL, "diplome" varchar(20) NOT NULL, "document_diplome" varchar(100) NULL, "specialite" varchar(100) NOT NULL, "nom" varchar(100) NOT NULL, "prenom" varchar(100) NOT NULL, "code_postal" varchar(5) NOT NULL, "ville" varchar(100) NOT NULL, "adresse" varchar(255) NOT NULL, "genre" varchar(10) NOT NULL, "marque" varchar(100) NOT NULL, "site_web" varchar(200) NOT NULL, "telephone" varchar(20) NOT NULL, "instagram" varchar(200) NOT NULL, "facebook" varchar(200) NOT NULL, "twitter" varchar(200) NOT NULL, "linkedin" varchar(200) NOT NULL, "profil_verifie" bool NOT NULL);
INSERT INTO psy_psymeet VALUES(1,'64','Diplômé d''état','','Psychologie sociale','Loiseau','François','64000','Pau','78 bis Rue d''Etigny','Homme','-','','0687162034','','','','',1);
CREATE TABLE IF NOT EXISTS "django_session" ("session_key" varchar(40) NOT NULL PRIMARY KEY, "session_data" text NOT NULL, "expire_date" datetime NOT NULL);
INSERT INTO django_session VALUES('ldogy68kb6zgevdme48mklweq1ypla4q','.eJxVjDsOwjAQBe_iGlmO4y8lPWew1rtrHECOFCcV4u4QKQW0b2beSyTY1pq2zkuaSJzFIE6_WwZ8cNsB3aHdZolzW5cpy12RB-3yOhM_L4f7d1Ch12-tSw6kKITBRF0IuNjRmqiCKxyMRkeRfPYWlYpEkJ0JPjIRKoescRTvD_BIOHw:1ryY0f:lv-MCVKGDngyjBdD2JKZvoT1K9fFKBoF7R4MHw714Vw','2024-05-05 14:17:37.323146');
INSERT INTO django_session VALUES('9408joe2jeoc8ya8nh83g1f6c8kndm1q','.eJxVjDsOwjAQBe_iGlmO4y8lPWew1rtrHECOFCcV4u4QKQW0b2beSyTY1pq2zkuaSJzFIE6_WwZ8cNsB3aHdZolzW5cpy12RB-3yOhM_L4f7d1Ch12-tSw6kKITBRF0IuNjRmqiCKxyMRkeRfPYWlYpEkJ0JPjIRKoescRTvD_BIOHw:1rybfl:3kB3P3iY4g2q6t78O2J6wYgDrzflR-yLQbPh_G0Os5o','2024-05-05 18:12:17.117755');
INSERT INTO django_session VALUES('l4zepitfp98yug8pjfl49rdvv6u0qbx7','.eJxVjDsOwjAQBe_iGln-xgklPWewdtdrHEC2FCcV4u4QKQW0b2beS0TY1hK3zkuckzgLI06_GwI9uO4g3aHemqRW12VGuSvyoF1eW-Ln5XD_Dgr08q3HITBO2tsxWJWdHSjTBIGNQ--VIkIGpxiNcyYoVtqxBcw6c9KkkxXvD9lVOBg:1ryu8B:Qfy9onkBBmS1vrEl5LHQz8I9VLzIS_xB8tgDhbpACHY','2024-05-06 13:54:51.680759');
INSERT INTO django_session VALUES('njz4082suei3es8lh4sue2ms7takbhbf','.eJxVjDsOwjAQBe_iGlmO4y8lPWew1rtrHECOFCcV4u4QKQW0b2beSyTY1pq2zkuaSJzFIE6_WwZ8cNsB3aHdZolzW5cpy12RB-3yOhM_L4f7d1Ch12-tSw6kKITBRF0IuNjRmqiCKxyMRkeRfPYWlYpEkJ0JPjIRKoescRTvD_BIOHw:1s5LS1:OZKyHbQ-kacz1FxvE2xDIBAMrslGLM_Jm6IaXv7L1G4','2024-05-24 08:17:57.818938');
INSERT INTO django_session VALUES('cm4tezlpahuqmjxxno6doib1y4msttnf','.eJxVjEsOwjAMBe-SNYrqJE4JS_Y9Q2XHMS2gVOpnhbg7VOoCtm9m3sv0tK1Dvy1l7kcxFwPm9Lsx5UepO5A71dtk81TXeWS7K_agi-0mKc_r4f4dDLQM35raIIzos2eB1CgmxKSuderBg8TiGDB4Ts6BRqFGomobMOpZMjGb9wfVjjf_:1s6A1F:i_KF3JQ90Xttkx7WcG8OOsX-ztuFhs9H25IX4pXGFyg','2024-05-26 14:17:41.794615');
INSERT INTO django_session VALUES('7q44mae8idmo1lcvqor9ycc7a01skh34','.eJxVjEsOwjAMBe-SNYrqJE4JS_Y9Q2XHMS2gVOpnhbg7VOoCtm9m3sv0tK1Dvy1l7kcxFwPm9Lsx5UepO5A71dtk81TXeWS7K_agi-0mKc_r4f4dDLQM35raIIzos2eB1CgmxKSuderBg8TiGDB4Ts6BRqFGomobMOpZMjGb9wfVjjf_:1s84RB:leIe0YNLXblIF_uX8oRrUoARwDZCaZeXm6-XeaKjXBk','2024-05-31 20:44:21.601410');
INSERT INTO django_session VALUES('ez0enkot66pfd4do3nqrpnl4ux1d5o9z','.eJxVjEEOwiAURO_C2pAvVAWX7nsG8uEPUjUlKe3KeHfbpAvdvvdm3irwMpewNExhEHVVRh1-WeT0xLgJefB4rzrVcZ6GqLdE77bpvgpet739Oyjcyrru4OIRlojFOBZxjHMia1fm0bHPlk_gC6JkY4ltjjApE8gjE4PU5wsMYTlh:1sA6ZD:p-uh_cQpbhkWiu9CN47_AATYIoAftEJmcxppqgs2zDM','2024-06-06 11:25:03.677919');
INSERT INTO django_session VALUES('uybsdho1dx5e4kv6it5t4w53gpqv9144','.eJxVjEsOwjAMBe-SNYrqJE4JS_Y9Q2XHMS2gVOpnhbg7VOoCtm9m3sv0tK1Dvy1l7kcxFwPm9Lsx5UepO5A71dtk81TXeWS7K_agi-0mKc_r4f4dDLQM35raIIzos2eB1CgmxKSuderBg8TiGDB4Ts6BRqFGomobMOpZMjGb9wfVjjf_:1sBT9l:5UktZZxxvleTxlhyBEEfn4lQKc0B9qlIqCsCXcnkOZ8','2024-06-10 05:44:25.395297');
CREATE TABLE IF NOT EXISTS "django_site" ("id" integer NOT NULL PRIMARY KEY AUTOINCREMENT, "name" varchar(50) NOT NULL, "domain" varchar(100) NOT NULL UNIQUE);
INSERT INTO django_site VALUES(1,'example.com','example.com');
CREATE TABLE IF NOT EXISTS "socialaccount_socialapp_sites" ("id" integer NOT NULL PRIMARY KEY AUTOINCREMENT, "socialapp_id" integer NOT NULL REFERENCES "socialaccount_socialapp" ("id") DEFERRABLE INITIALLY DEFERRED, "site_id" integer NOT NULL REFERENCES "django_site" ("id") DEFERRABLE INITIALLY DEFERRED);
CREATE TABLE IF NOT EXISTS "socialaccount_socialapp" ("id" integer NOT NULL PRIMARY KEY AUTOINCREMENT, "provider" varchar(30) NOT NULL, "name" varchar(40) NOT NULL, "client_id" varchar(191) NOT NULL, "secret" varchar(191) NOT NULL, "key" varchar(191) NOT NULL, "provider_id" varchar(200) NOT NULL, "settings" text NOT NULL CHECK ((JSON_VALID("settings") OR "settings" IS NULL)));
CREATE TABLE IF NOT EXISTS "socialaccount_socialtoken" ("id" integer NOT NULL PRIMARY KEY AUTOINCREMENT, "token" text NOT NULL, "token_secret" text NOT NULL, "expires_at" datetime NULL, "account_id" integer NOT NULL REFERENCES "socialaccount_socialaccount" ("id") DEFERRABLE INITIALLY DEFERRED, "app_id" integer NULL REFERENCES "socialaccount_socialapp" ("id") DEFERRABLE INITIALLY DEFERRED);
CREATE TABLE IF NOT EXISTS "socialaccount_socialaccount" ("id" integer NOT NULL PRIMARY KEY AUTOINCREMENT, "provider" varchar(200) NOT NULL, "uid" varchar(191) NOT NULL, "last_login" datetime NOT NULL, "date_joined" datetime NOT NULL, "user_id" bigint NOT NULL REFERENCES "accounts_lightener" ("id") DEFERRABLE INITIALLY DEFERRED, "extra_data" text NOT NULL CHECK ((JSON_VALID("extra_data") OR "extra_data" IS NULL)));
CREATE TABLE IF NOT EXISTS "support_supportticket" ("id" integer NOT NULL PRIMARY KEY AUTOINCREMENT, "sender_email" varchar(254) NOT NULL, "subject" varchar(255) NOT NULL, "message" text NOT NULL, "created_at" datetime NOT NULL);
DELETE FROM sqlite_sequence;
INSERT INTO sqlite_sequence VALUES('django_migrations',54);
INSERT INTO sqlite_sequence VALUES('account_emailaddress',0);
INSERT INTO sqlite_sequence VALUES('django_admin_log',321);
INSERT INTO sqlite_sequence VALUES('django_content_type',19);
INSERT INTO sqlite_sequence VALUES('auth_permission',76);
INSERT INTO sqlite_sequence VALUES('auth_group',0);
INSERT INTO sqlite_sequence VALUES('posts_blogpost',10);
INSERT INTO sqlite_sequence VALUES('django_site',1);
INSERT INTO sqlite_sequence VALUES('socialaccount_socialapp',0);
INSERT INTO sqlite_sequence VALUES('socialaccount_socialtoken',0);
INSERT INTO sqlite_sequence VALUES('socialaccount_socialaccount',0);
INSERT INTO sqlite_sequence VALUES('partner_meet_partnermeet',38);
INSERT INTO sqlite_sequence VALUES('legal_legal',1);
INSERT INTO sqlite_sequence VALUES('accounts_lightener',4);
INSERT INTO sqlite_sequence VALUES('accounts_visitor',182);
INSERT INTO sqlite_sequence VALUES('psy_psymeet',1);
CREATE INDEX "account_emailconfirmation_email_address_id_5b7f8c58" ON "account_emailconfirmation" ("email_address_id");
CREATE UNIQUE INDEX "account_emailaddress_user_id_email_987c8728_uniq" ON "account_emailaddress" ("user_id", "email");
CREATE UNIQUE INDEX "unique_verified_email" ON "account_emailaddress" ("email") WHERE "verified";
CREATE INDEX "account_emailaddress_user_id_2c513194" ON "account_emailaddress" ("user_id");
CREATE INDEX "account_emailaddress_upper" ON "account_emailaddress" ((UPPER("email")));
CREATE INDEX "django_admin_log_content_type_id_c4bce8eb" ON "django_admin_log" ("content_type_id");
CREATE INDEX "django_admin_log_user_id_c564eba6" ON "django_admin_log" ("user_id");
CREATE UNIQUE INDEX "django_content_type_app_label_model_76bd3d3b_uniq" ON "django_content_type" ("app_label", "model");
CREATE UNIQUE INDEX "auth_group_permissions_group_id_permission_id_0cd325b0_uniq" ON "auth_group_permissions" ("group_id", "permission_id");
CREATE INDEX "auth_group_permissions_group_id_b120cbf9" ON "auth_group_permissions" ("group_id");
CREATE INDEX "auth_group_permissions_permission_id_84c5c92e" ON "auth_group_permissions" ("permission_id");
CREATE UNIQUE INDEX "auth_permission_content_type_id_codename_01ab375a_uniq" ON "auth_permission" ("content_type_id", "codename");
CREATE INDEX "auth_permission_content_type_id_2f476e4b" ON "auth_permission" ("content_type_id");
CREATE INDEX "legal_legal_author_id_874a61ce" ON "legal_legal" ("author_id");
CREATE INDEX "posts_blogpost_author_id_0b18f6f1" ON "posts_blogpost" ("author_id");
CREATE INDEX "django_session_expire_date_a5c62663" ON "django_session" ("expire_date");
CREATE UNIQUE INDEX "socialaccount_socialapp_sites_socialapp_id_site_id_71a9a768_uniq" ON "socialaccount_socialapp_sites" ("socialapp_id", "site_id");
CREATE INDEX "socialaccount_socialapp_sites_socialapp_id_97fb6e7d" ON "socialaccount_socialapp_sites" ("socialapp_id");
CREATE INDEX "socialaccount_socialapp_sites_site_id_2579dee5" ON "socialaccount_socialapp_sites" ("site_id");
CREATE UNIQUE INDEX "socialaccount_socialtoken_app_id_account_id_fca4e0ac_uniq" ON "socialaccount_socialtoken" ("app_id", "account_id");
CREATE INDEX "socialaccount_socialtoken_account_id_951f210e" ON "socialaccount_socialtoken" ("account_id");
CREATE INDEX "socialaccount_socialtoken_app_id_636a42d7" ON "socialaccount_socialtoken" ("app_id");
CREATE UNIQUE INDEX "socialaccount_socialaccount_provider_uid_fc810c6e_uniq" ON "socialaccount_socialaccount" ("provider", "uid");
CREATE INDEX "socialaccount_socialaccount_user_id_8146e70c" ON "socialaccount_socialaccount" ("user_id");
COMMIT;
